img_id,assymmetry,red_var,green_var,blue_var,hue_var,sat_var,val_var,dom_hue,dom_sat,dom_val,compactness,convexity
PAT_1516_1765_530.png,0.2413,0.001429,0.00144,0.000575,0.0002434,0.0007043,0.001429,0.0793,0.5293,0.642,0.73,0.042
PAT_46_881_939.png,0.1841,0.001039,0.01103,0.01419,0.05588,0.01663,0.001151,0.02058,0.2463,0.6553,0.888,0.196
PAT_684_1302_588.png,0.1467,0.0008783,0.002623,0.002651,0.001007,0.003643,0.0008783,0.988,0.422,0.5176,0.703,0.081
PAT_117_179_983.png,0.4246,0.000366,0.001379,0.000539,0.05475,0.001348,0.0003548,0.05103,0.09766,0.611,0.935,0.418
PAT_2140_4726_141.png,0.179,0.0004692,0.001976,0.002485,0.00098,0.001805,0.0004692,0.013405,0.3938,0.8687,0.739,0.128
PAT_38_54_234.png,0.1064,5.424e-05,0.0003865,0.0004299,0.00029,0.000633,5.424e-05,0.01561,0.425,0.6904,0.728,0.108
PAT_875_1668_588.png,0.04984,0.00188,0.005028,0.006706,0.00968,0.00952,0.00188,0.9526,0.2844,0.543,0.715,0.051
PAT_1653_2916_346.png,0.235,0.000347,0.000287,0.0001324,0.0003521,0.0002792,0.000347,0.07385,0.3408,0.714,0.869,0.153
PAT_1790_3425_942.png,0.0736,0.01376,0.0094,0.009674,0.01073,0.005726,0.013756,0.962,0.1486,0.3567,0.701,0.039
PAT_42_58_13.png,0.09814,0.002218,0.001831,0.001306,0.0003748,0.00207,0.002218,0.0216,0.61,0.5103,0.761,0.073
PAT_107_160_609.png,0.0931,0.002907,0.007835,0.01043,0.1168,0.013405,0.003504,0.0917,0.259,0.526,0.714,0.046
PAT_793_1512_327.png,0.1654,0.001001,0.003952,0.006065,0.00113,0.01299,0.001001,0.03488,0.1746,0.5474,0.705,0.091
PAT_1842_3615_850.png,0.1963,0.0,0.0,0.0,0.0,0.0,0.0,0.5786,0.3486,0.3123,0.75,0.068
PAT_621_1183_56.png,0.0766,0.00841,0.002462,0.0013275,0.00807,0.01311,0.00841,0.02505,0.3828,0.3918,0.728,0.032
PAT_1803_3463_639.png,0.1589,0.003506,0.01335,0.01375,0.000439,0.01546,0.003506,0.00931,0.4578,0.6177,0.703,0.043
PAT_680_1289_182.png,0.1553,0.00198,0.001134,0.0005546,0.00566,0.001574,0.00198,0.01604,0.1879,0.3298,0.746,0.105
PAT_53_1370_245.png,0.2346,0.0002046,0.002438,0.002232,0.000624,0.006664,0.0002046,0.03754,0.1577,0.5244,0.807,0.169
PAT_333_1469_499.png,0.1896,0.01133,0.00827,0.00639,0.1858,0.01139,0.01044,0.05865,0.2091,0.578,0.728,0.061
PAT_867_1650_901.png,0.2328,0.0009537,0.006462,0.00679,0.2998,0.003122,0.002785,0.03342,0.1576,0.663,0.78,0.132
PAT_620_1176_980.png,0.1511,0.0002393,0.000615,0.0005054,0.0003788,0.000561,0.0002393,0.9917,0.428,0.73,0.751,0.076
PAT_544_3299_671.png,0.1747,0.00062,0.0007725,0.0009274,0.00011426,0.001894,0.00062,0.0495,0.4736,0.4556,0.739,0.071
PAT_814_1532_545.png,0.107,0.001991,0.004917,0.003689,0.01123,0.00325,0.001991,0.9805,0.4536,0.577,0.838,0.098
PAT_1014_86_861.png,0.218,0.0003111,0.001316,0.001434,0.0004516,0.001427,0.0003111,0.01563,0.3057,0.6743,0.761,0.165
PAT_701_4056_457.png,0.1177,0.00632,0.003403,0.003103,0.48,0.0016775,0.005016,0.02534,0.0902,0.5713,0.733,0.082
PAT_411_815_692.png,0.16,0.005825,0.004036,0.00437,0.001487,0.01274,0.00584,0.05624,0.6255,0.3345,0.756,0.093
PAT_795_1508_925.png,0.1313,0.000951,0.002922,0.00547,0.1989,0.001972,0.002708,0.1803,0.1565,0.619,0.683,0.091
PAT_995_1867_5.png,0.4924,0.005653,0.001807,0.0007777,0.3096,0.01265,0.005104,0.0982,0.2861,0.608,0.872,0.328
PAT_1276_957_406.png,0.066,0.0,0.0,0.0,0.0,0.0,0.0,0.0637,0.6035,0.618,0.716,0.048
PAT_1688_3066_491.png,0.2402,0.00049,0.005123,0.005905,0.01206,0.00831,0.000554,0.03366,0.2239,0.6504,0.864,0.208
PAT_1423_1472_18.png,0.1388,0.001123,0.002054,0.002329,0.1001,0.000653,0.001516,0.206,0.04404,0.622,0.718,0.066
PAT_1109_437_254.png,0.2083,0.001344,0.000783,0.00046,0.001632,0.003826,0.001344,0.01384,0.4302,0.1509,0.725,0.032
PAT_1400_1372_276.png,0.09894,0.004967,0.002804,0.002312,0.003508,0.002676,0.004967,0.04364,0.2869,0.565,0.729,0.081
PAT_966_1825_584.png,0.25,0.002687,0.00098,0.00078,0.0006037,0.003284,0.002687,0.0569,0.473,0.3953,0.842,0.204
PAT_263_404_410.png,0.11664,0.003407,0.005188,0.004852,0.001915,0.004017,0.003407,0.9487,0.1565,0.702,0.745,0.084
PAT_426_842_458.png,0.576,0.0003877,0.004272,0.001716,0.00811,0.002686,0.0003877,0.08826,0.2041,0.706,0.753,0.388
PAT_441_861_415.png,0.0932,0.003231,0.00457,0.003643,0.0005875,0.003904,0.003231,0.05624,0.513,0.656,0.738,0.071
PAT_958_1812_62.png,0.2211,0.01308,0.00896,0.00724,0.7324,0.003742,0.01076,0.547,0.1718,0.2847,0.754,0.089
PAT_1305_4097_251.png,0.8794,0.001225,0.001236,0.001347,0.000286,0.001297,0.001225,0.03146,0.2996,0.8364,0.685,0.83
PAT_1730_3236_7.png,0.658,0.01804,0.00765,0.004993,0.0006166,0.00902,0.01804,0.0723,0.6494,0.869,0.782,0.49
PAT_2127_4662_596.png,0.1895,0.002638,0.002905,0.002996,0.000812,0.004288,0.002638,0.02655,0.1812,0.6245,0.72,0.062
PAT_1754_3308_390.png,0.2384,6.93e-05,0.0002987,0.000618,0.0003211,0.00109,6.94e-05,0.0577,0.1263,0.627,0.882,0.237
PAT_118_180_386.png,0.1775,0.002659,0.000697,0.0005727,0.002424,0.01026,0.002655,0.00613,0.488,0.3254,0.761,0.127
PAT_875_1670_121.png,0.06305,0.0009146,0.001828,0.001473,0.0003068,0.005047,0.0009146,0.982,0.579,0.4724,0.702,0.054
PAT_1286_1000_517.png,0.1559,0.0,0.0,0.0,0.0,0.0,0.0,0.1559,0.16,0.685,0.737,0.053
PAT_966_1825_546.png,0.3884,0.00484,0.00282,0.00246,0.04608,0.00379,0.004787,0.04517,0.2158,0.382,0.802,0.14
PAT_1701_3135_5.png,0.3362,0.006676,0.006786,0.007137,0.000753,0.00427,0.006676,0.02779,0.2556,0.6313,0.905,0.271
PAT_747_1408_427.png,0.3396,0.00077,0.001485,0.001811,0.00432,0.001993,0.00077,0.04782,0.1986,0.6284,0.885,0.283
PAT_1702_3548_386.png,0.1204,0.003418,0.00921,0.01683,0.08057,0.01534,0.003628,0.06415,0.182,0.676,0.745,0.057
PAT_465_901_627.png,0.1306,0.006626,0.00521,0.004215,0.0003173,0.002956,0.006626,0.06287,0.299,0.7075,0.711,0.049
PAT_249_380_366.png,0.1157,0.001296,0.002787,0.00413,0.00317,0.0058,0.001296,0.0918,0.4307,0.614,0.771,0.096
PAT_985_1856_397.png,0.2434,0.004723,0.005367,0.004524,0.01289,0.003368,0.004723,0.03568,0.1809,0.5825,0.855,0.248
PAT_398_799_163.png,0.3384,0.01052,0.006992,0.005337,0.0357,0.010605,0.0105,0.02565,0.0995,0.547,0.751,0.064
PAT_76_1039_269.png,0.296,0.003078,0.004864,0.004883,0.01188,0.002916,0.003094,0.05124,0.1237,0.6284,0.806,0.133
PAT_1509_1741_810.png,0.2025,0.0005813,0.000277,0.0002342,8.49e-05,0.0004754,0.0005813,0.04953,0.5347,0.5674,0.821,0.144
PAT_1871_3666_675.png,0.222,0.0008454,0.002758,0.002968,0.004375,0.005177,0.0008454,0.04645,0.3252,0.737,0.756,0.071
PAT_56_86_479.png,0.1342,0.004898,0.01736,0.0214,0.01213,0.01267,0.004898,0.9663,0.4592,0.886,0.818,0.119
PAT_256_295_583.png,0.08997,0.010605,0.01596,0.01967,0.136,0.007416,0.013435,0.0739,0.323,0.6104,0.701,0.031
PAT_115_175_206.png,0.2969,0.003603,0.001297,0.000888,0.000139,0.000821,0.003603,0.02174,0.653,0.9434,0.786,0.086
PAT_759_1433_973.png,0.09155,0.002829,0.009224,0.012794,0.08746,0.00446,0.00539,0.9453,0.3096,0.533,0.727,0.06
PAT_385_783_574.png,0.1346,0.003597,0.007324,0.007782,0.005783,0.005123,0.003597,0.9717,0.3892,0.6045,0.757,0.08
PAT_842_1606_720.png,0.2139,0.005054,0.00857,0.00534,0.004192,0.00462,0.005054,0.04514,0.52,0.7134,0.791,0.095
PAT_1460_1598_959.png,0.2432,0.000953,0.001216,0.001807,0.001363,0.002096,0.000953,0.0374,0.1597,0.6606,0.84,0.159
PAT_1547_1874_432.png,0.627,0.001927,0.00442,0.00371,0.003096,0.00284,0.001927,0.00823,0.329,0.819,0.899,0.327
PAT_880_1673_410.png,0.1868,0.001976,0.001381,0.003008,0.007366,0.001318,0.001978,0.03784,0.398,0.976,0.784,0.116
PAT_948_1801_993.png,0.237,0.01611,0.00461,0.00273,0.006676,0.01859,0.01607,0.04556,0.4233,0.7017,0.763,0.091
PAT_839_1591_204.png,0.1531,0.000585,0.001116,0.001516,0.004837,0.003418,0.000585,0.015015,0.1486,0.6523,0.722,0.091
PAT_1217_762_198.png,0.04572,0.002522,0.002928,0.0016575,0.001412,0.002983,0.002522,0.04572,0.7275,0.4863,0.691,0.038
PAT_665_1262_774.png,0.11414,0.01019,0.010796,0.00981,0.006886,0.01254,0.01019,0.0219,0.3394,0.3784,0.739,0.046
PAT_976_1837_861.png,0.1614,0.004368,0.005005,0.00415,0.002563,0.00915,0.004368,0.0324,0.4048,0.5596,0.826,0.179
PAT_1333_1177_261.png,0.10345,0.0009623,0.0013,0.001022,0.0205,0.001312,0.0009623,0.087,0.1362,0.592,0.695,0.041
PAT_1461_1600_867.png,0.0802,0.004887,0.005123,0.006126,0.0953,0.005722,0.00474,0.05557,0.066,0.5337,0.722,0.064
PAT_1658_2933_322.png,0.1666,0.0004005,0.001774,0.0016365,0.0005736,0.002563,0.0004005,0.05356,0.4775,0.5996,0.774,0.081
PAT_2066_4417_201.png,0.1754,0.004757,0.001583,0.001174,0.001709,0.00745,0.004757,0.02966,0.2257,0.269,0.757,0.112
PAT_302_1633_845.png,0.1747,0.001058,0.004383,0.003313,0.001596,0.00374,0.001058,0.984,0.3486,0.6436,0.699,0.127
PAT_495_941_26.png,0.2078,0.00824,0.002197,0.001436,4.37e-05,0.002337,0.00824,0.03674,0.5776,0.6963,0.83,0.142
PAT_535_1012_145.png,0.2576,7.71e-05,0.000209,3.916e-05,0.0002192,9.143e-05,7.72e-05,0.9907,0.3833,0.8203,0.882,0.175
PAT_1583_2607_628.png,0.3296,0.001039,0.0005503,0.000722,0.0008636,0.000399,0.001039,0.01685,0.2656,0.6255,0.906,0.253
PAT_121_184_502.png,0.1626,0.0006824,0.002256,0.00256,0.0004618,0.002274,0.0006824,0.0515,0.6807,0.8657,0.833,0.124
PAT_614_1166_885.png,0.2715,0.005898,0.00242,0.001818,0.005493,0.007904,0.00584,0.0431,0.2119,0.605,0.849,0.237
PAT_381_775_566.png,0.10767,0.005505,0.003006,0.001963,0.000486,0.002716,0.005505,0.0453,0.441,0.561,0.742,0.08
PAT_364_749_377.png,0.2207,0.00526,0.011665,0.00955,0.014206,0.00901,0.00529,0.9424,0.2751,0.533,0.881,0.181
PAT_576_1089_435.png,0.459,0.003803,0.011,0.00977,0.0421,0.01071,0.003853,0.0568,0.1688,0.565,0.864,0.36
PAT_39_55_233.png,0.2047,0.00592,0.00845,0.01106,0.05432,0.00846,0.006374,0.0399,0.2384,0.549,0.821,0.154
PAT_340_714_68.png,0.0968,0.01784,0.01616,0.01784,0.119,0.03293,0.0181,0.07513,0.10547,0.661,0.759,0.091
PAT_315_673_227.png,0.144,0.0008245,0.001029,0.00133,0.006184,0.001049,0.0008245,0.02377,0.2009,0.702,0.886,0.163
PAT_672_1272_705.png,0.1045,0.0,0.0,0.0,0.0,0.0,0.0,0.9307,0.1858,0.2446,0.707,0.027
PAT_2122_4642_680.png,0.2285,0.007805,0.00994,0.01,0.0001683,0.00509,0.007805,0.0395,0.4133,0.748,0.755,0.133
PAT_270_1386_755.png,0.1836,0.0003462,0.00115,0.001297,0.02045,0.0008135,0.0003462,0.0968,0.1454,0.758,0.68,0.181
PAT_908_1726_939.png,0.1326,0.002758,0.002048,0.001889,0.0002143,0.0009346,0.002758,0.01984,0.533,0.814,0.733,0.055
PAT_666_1271_645.png,0.3604,0.0001824,0.0008435,0.00078,0.006115,0.001739,0.000183,0.9062,0.2546,0.607,0.805,0.315
PAT_115_1138_870.png,0.2507,0.004757,0.002724,0.002943,0.0007014,0.01019,0.004757,0.03555,0.589,0.501,0.793,0.164
PAT_585_1130_474.png,0.0776,0.006493,0.01587,0.01704,0.676,0.002413,0.01107,0.5415,0.11743,0.7,0.692,0.073
PAT_600_1141_542.png,0.11975,0.015205,0.01419,0.02898,0.07495,0.01554,0.01544,0.9224,0.2664,0.7,0.734,0.062
PAT_1682_3050_600.png,0.485,0.0023,0.001095,0.0003495,4.09e-05,0.0007987,0.002302,0.0871,0.2397,0.597,0.727,0.323
PAT_131_197_974.png,0.1388,0.011055,0.01448,0.01223,0.001157,0.01383,0.011055,0.01356,0.7817,0.5327,0.777,0.082
PAT_270_1382_561.png,0.1606,0.003534,0.00178,0.00118,0.322,0.003857,0.002438,0.655,0.1083,0.1643,0.721,0.039
PAT_1364_1246_420.png,0.1241,0.002678,0.00607,0.006535,0.0008307,0.00967,0.002678,0.09064,0.4685,0.629,0.786,0.085
PAT_2155_4784_483.png,0.0866,0.007072,0.004932,0.003305,0.000794,0.001671,0.007072,0.0797,0.4797,0.613,0.699,0.047
PAT_939_1791_329.png,0.3157,0.00532,0.002466,0.001434,0.4138,0.003115,0.0042,0.1029,0.09485,0.4722,0.798,0.16
PAT_728_1533_952.png,0.1793,0.001323,0.003471,0.00659,0.003222,0.005577,0.001323,0.04074,0.2091,0.783,0.763,0.109
PAT_161_250_338.png,0.3098,0.00188,0.005676,0.005962,0.003645,0.01,0.00188,0.979,0.3296,0.5913,0.906,0.272
PAT_522_986_305.png,0.0865,0.00619,0.01157,0.0147,0.03137,0.011475,0.00632,0.943,0.2917,0.6187,0.718,0.039
PAT_793_1512_513.png,0.2113,0.001685,0.002491,0.002071,0.000165,0.0012,0.001685,0.0657,0.4414,0.7793,0.774,0.124
PAT_895_1699_872.png,0.1934,0.00911,0.00453,0.00222,0.000573,0.0008554,0.00911,0.06287,0.572,0.6655,0.753,0.078
PAT_545_1030_854.png,0.3086,0.0003197,0.003042,0.002457,0.002653,0.006153,0.0003197,0.992,0.436,0.5293,0.793,0.131
PAT_214_329_70.png,0.203,0.001435,0.005337,0.00522,0.000665,0.004433,0.001435,0.02022,0.4482,0.748,0.847,0.185
PAT_1124_489_151.png,0.16,0.0001714,0.0007463,0.0007324,0.004692,0.0005503,0.0002316,0.915,0.13,0.5977,0.779,0.13
PAT_439_859_283.png,0.1772,0.001573,0.001441,0.001649,0.001901,0.002913,0.001573,0.03818,0.4534,0.503,0.765,0.085
PAT_108_162_660.png,0.1887,0.00542,0.00651,0.00878,0.0792,0.011116,0.005405,0.028,0.1902,0.6157,0.774,0.071
PAT_354_1817_500.png,0.1621,0.00927,0.006844,0.00573,0.002056,0.004818,0.00927,0.04257,0.1168,0.5996,0.716,0.068
PAT_1619_2774_616.png,0.10516,0.001178,0.0007687,0.0006094,6.88e-05,0.0003655,0.001178,0.049,0.616,0.6323,0.787,0.069
PAT_510_959_174.png,0.1366,0.002525,0.007282,0.00584,0.0003965,0.02417,0.002525,0.974,0.802,0.434,0.729,0.067
PAT_580_1104_684.png,0.0769,0.003033,0.00372,0.003181,0.00937,0.005062,0.003033,0.0258,0.4019,0.514,0.692,0.035
PAT_207_313_709.png,0.3105,0.004448,0.005512,0.004375,0.005886,0.01826,0.004444,0.0749,0.3328,0.644,0.88,0.187
PAT_1945_3923_428.png,0.0986,0.01082,0.00419,0.00351,0.00218,0.007317,0.01082,0.0314,0.6177,0.536,0.704,0.051
PAT_493_3016_512.png,0.2764,0.00891,0.01394,0.01353,0.002129,0.00528,0.00891,0.06155,0.42,0.724,0.788,0.148
PAT_2157_4789_969.png,0.1621,0.001915,0.002117,0.002333,0.00472,0.001091,0.001915,0.02081,0.3289,0.5996,0.688,0.111
PAT_1334_1178_413.png,0.093,0.005135,0.004395,0.003569,0.2291,0.006535,0.004967,0.1081,0.1603,0.539,0.698,0.051
PAT_2125_4653_497.png,0.362,0.00517,0.002472,0.001993,0.07275,0.005054,0.005116,0.04398,0.1769,0.67,0.793,0.051
PAT_1256_879_199.png,0.798,0.001669,0.001902,0.001646,0.000855,0.001673,0.001669,0.043,0.2296,0.627,0.688,0.624
PAT_2009_4134_828.png,0.4646,0.0002506,0.001,0.0007877,0.001498,0.00146,0.0002506,0.9873,0.282,0.7046,0.808,0.181
PAT_879_1676_668.png,0.2283,0.000783,0.001173,0.00087,0.0004303,0.001149,0.0007834,0.03897,0.58,0.666,0.777,0.1
PAT_1257_887_828.png,0.319,0.001225,0.00149,0.001254,0.002176,0.001566,0.001225,0.1028,0.3506,0.4868,0.773,0.058
PAT_1304_3507_308.png,0.0775,0.00668,0.001873,0.00064,0.01199,0.01052,0.006676,0.0668,0.5317,0.3794,0.666,0.047
PAT_425_841_644.png,0.05353,0.002802,0.01053,0.01256,0.00791,0.02553,0.002804,0.98,0.4092,0.458,0.768,0.025
PAT_128_194_144.png,0.1732,0.00281,0.006397,0.008896,0.2349,0.00202,0.005135,0.607,0.0932,0.766,0.818,0.188
PAT_106_158_249.png,0.431,0.008385,0.011086,0.01023,0.004192,0.004337,0.008385,0.05014,0.296,0.644,0.909,0.256
PAT_1068_285_845.png,0.1437,0.00583,0.004955,0.005806,0.00756,0.001342,0.00583,0.04608,0.2307,0.6187,0.736,0.074
PAT_1733_3239_934.png,0.10175,0.003408,0.00555,0.004368,0.0007677,0.00283,0.003408,0.03763,0.542,0.7163,0.697,0.062
PAT_1364_1246_927.png,0.1602,0.00128,0.004066,0.004906,0.0006185,0.00595,0.00128,0.0837,0.4082,0.703,0.772,0.084
PAT_233_354_935.png,0.2302,0.001734,0.004307,0.00356,0.002512,0.002663,0.001734,0.07544,0.3904,0.876,0.764,0.088
PAT_853_1642_497.png,0.4536,0.0015335,0.00597,0.00546,0.003761,0.007812,0.0015335,0.012146,0.3157,0.7197,0.857,0.21
PAT_108_161_423.png,0.1018,0.00692,0.01598,0.01309,0.10895,0.01913,0.007404,0.08966,0.1918,0.5747,0.753,0.067
PAT_1109_436_141.png,0.1078,0.006058,0.001663,0.0013275,0.0002337,0.001343,0.006058,0.01202,0.579,0.2903,0.693,0.034
PAT_1393_1356_371.png,0.461,0.006058,0.01053,0.01135,0.006138,0.008354,0.006058,0.02322,0.1092,0.6475,0.841,0.427
PAT_975_4734_783.png,0.2097,0.0008073,0.0004783,0.0006323,0.003094,0.00111,0.0008073,0.9546,0.3228,0.2328,0.71,0.096
PAT_109_868_723.png,0.1051,0.0157,0.00864,0.004917,0.001866,0.003717,0.0157,0.04468,0.5845,0.3442,0.761,0.086
PAT_286_1459_926.png,0.1249,0.001179,0.002792,0.00353,0.0002818,0.00284,0.001179,0.03226,0.2483,0.7793,0.7,0.045
PAT_1329_1168_620.png,0.693,0.0,0.0,0.0,0.0,0.0,0.0,0.0859,0.4512,0.801,0.737,0.515
PAT_1326_1156_139.png,0.1126,0.003265,0.00468,0.005455,0.1234,0.002249,0.00404,0.04297,0.09534,0.609,0.694,0.043
PAT_467_904_235.png,0.2874,0.0004513,0.003092,0.002,0.00823,0.005074,0.0004513,0.05197,0.1602,0.577,0.82,0.152
PAT_858_1633_926.png,0.1748,0.0002409,0.001562,0.0006475,0.001965,0.001053,0.0002409,0.03061,0.466,0.7314,0.827,0.186
PAT_1330_1172_722.png,0.1357,0.0003827,0.003185,0.00226,0.00704,0.00844,0.0003827,0.9717,0.527,0.6045,0.7,0.088
PAT_1652_2915_65.png,0.1996,0.005733,0.00543,0.003592,0.0004604,0.001089,0.005733,0.0761,0.4531,0.778,0.747,0.062
PAT_2143_4736_227.png,0.191,0.002573,0.008026,0.0078,0.002087,0.003374,0.002584,0.977,0.1159,0.8022,0.752,0.15
PAT_1526_1792_482.png,0.1357,0.00376,0.01134,0.01698,0.002737,0.014145,0.00376,0.05856,0.4053,0.865,0.754,0.11
PAT_801_1518_78.png,0.2158,0.0193,0.010254,0.005405,0.009186,0.00843,0.0193,0.02899,0.3645,0.624,0.749,0.071
PAT_333_1468_620.png,0.1632,0.002626,0.000513,8.86e-05,0.001729,0.002884,0.002626,0.0323,0.4026,0.5503,0.736,0.058
PAT_1588_2629_296.png,0.2021,0.00452,0.0028,0.003439,0.2878,0.0116,0.00527,0.04385,0.3977,0.4807,0.721,0.051
PAT_289_442_43.png,0.2227,0.00398,0.00388,0.00348,0.1499,0.00357,0.00393,0.0712,0.157,0.2297,0.717,0.077
PAT_46_879_225.png,0.341,0.000574,0.001811,0.001921,0.001311,0.002796,0.000574,0.01743,0.3875,0.572,0.844,0.257
PAT_1350_1230_878.png,0.0697,0.00425,0.003487,0.004776,0.00972,0.00897,0.00434,0.01872,0.531,0.2332,0.68,0.04
PAT_63_98_187.png,0.2876,0.001643,0.00214,0.001547,0.003956,0.002293,0.001643,0.0342,0.2693,0.568,0.844,0.164
PAT_90_219_648.png,0.2369,0.000735,0.001238,0.002525,0.0004973,0.00352,0.000735,0.08264,0.31,0.7407,0.825,0.127
PAT_1122_479_664.png,0.11145,0.000605,1.32e-05,3.04e-06,0.01037,0.001147,0.00046,0.1051,0.1665,0.606,0.733,0.08
PAT_1648_2904_523.png,0.1956,0.005913,0.007065,0.004025,0.002296,0.001894,0.005913,0.08563,0.3887,0.6377,0.743,0.069
PAT_194_298_945.png,0.2091,0.03004,0.01465,0.00718,0.004444,0.01645,0.03004,0.08105,0.4832,0.679,0.731,0.084
PAT_108_162_526.png,0.1588,0.00581,0.005375,0.006744,0.0143,0.003258,0.00577,0.0665,0.327,0.7627,0.76,0.057
PAT_1197_713_520.png,0.2515,0.000915,0.001671,0.00243,0.000899,0.003685,0.000915,0.05527,0.5327,0.673,0.791,0.159
PAT_467_904_776.png,0.2732,0.00809,0.01013,0.008484,0.002224,0.00669,0.008095,0.0472,0.5522,0.527,0.771,0.077
PAT_1329_1167_230.png,0.1031,0.001817,0.001907,0.002352,4.97e-05,0.001702,0.001817,0.08093,0.3665,0.877,0.714,0.064
PAT_539_1023_878.png,0.1489,0.005363,0.00792,0.00862,0.005276,0.00351,0.005363,0.1313,0.2437,0.783,0.751,0.114
PAT_1903_3791_14.png,0.1256,0.01281,0.008896,0.005844,0.01423,0.004017,0.01281,0.05173,0.3381,0.6577,0.713,0.058
PAT_995_1867_165.png,0.468,0.00631,0.00303,0.002115,0.4282,0.003164,0.005005,0.10394,0.1647,0.633,0.87,0.338
PAT_416_826_123.png,0.4478,0.002651,0.00432,0.00391,0.0006332,0.00454,0.002651,0.01478,0.428,0.7734,0.852,0.224
PAT_1971_3984_534.png,0.11255,0.01602,0.02057,0.02321,0.005535,0.00788,0.01602,0.06976,0.3323,0.539,0.695,0.046
PAT_48_74_402.png,0.1073,0.002533,0.006546,0.00668,0.01161,0.007027,0.002726,0.1005,0.361,0.5806,0.712,0.042
PAT_112_168_360.png,0.1666,0.002682,0.004684,0.004787,0.2766,0.01523,0.00248,0.1395,0.1942,0.395,0.806,0.105
PAT_746_1407_708.png,0.1533,0.0,0.0,0.0,0.0,0.0,0.0,0.0791,0.2281,0.601,0.83,0.147
PAT_65_101_847.png,0.1931,0.0001371,0.001968,0.00135,0.002289,0.002522,0.0001371,0.07166,0.3535,0.644,0.766,0.121
PAT_69_1053_540.png,0.2932,0.001445,0.01263,0.007076,0.3025,0.00853,0.003527,0.924,0.3066,0.571,0.843,0.167
PAT_2126_4654_644.png,0.0913,0.004578,0.00627,0.005886,0.002197,0.002323,0.004578,0.03375,0.3489,0.63,0.758,0.088
PAT_1420_1460_733.png,0.3567,0.01575,0.01828,0.02203,0.002792,0.010544,0.01578,0.0848,0.35,0.4146,0.831,0.145
PAT_2065_4413_298.png,0.1511,0.00886,0.00566,0.005054,0.001097,0.00975,0.00886,0.0394,0.2351,0.6606,0.717,0.058
PAT_532_3216_633.png,0.0929,0.0016575,0.002048,0.001906,0.002909,0.0005045,0.0016575,0.05905,0.1929,0.6025,0.734,0.053
PAT_1904_3794_215.png,0.0832,0.0009212,0.001259,0.001132,0.000899,0.002874,0.0009212,0.01109,0.4973,0.3894,0.695,0.056
PAT_1699_3126_673.png,0.06195,0.001836,0.001445,0.001349,0.5986,0.002184,0.001681,0.1083,0.195,0.5337,0.674,0.043
PAT_1364_1246_447.png,0.2052,0.00139,0.002392,0.002907,0.001029,0.004555,0.00139,0.0739,0.5195,0.614,0.783,0.09
PAT_957_1814_77.png,0.3777,0.01216,0.006653,0.00424,0.003124,0.010376,0.01216,0.03525,0.5054,0.344,0.802,0.047
PAT_948_1801_721.png,0.1159,0.001897,0.000739,0.0003,0.5625,0.002207,0.001213,0.6157,0.1492,0.1604,0.712,0.076
PAT_975_1834_152.png,0.2498,0.01053,0.004906,0.00403,0.06287,0.000703,0.009155,0.956,0.2471,0.5625,0.762,0.075
PAT_53_82_940.png,0.1227,0.003683,0.00396,0.00738,0.0654,0.002739,0.003933,0.919,0.261,0.4092,0.728,0.056
PAT_433_852_20.png,0.1482,0.00403,0.003653,0.00348,0.00294,0.0293,0.00403,0.02124,0.3396,0.4202,0.735,0.079
PAT_1709_3159_935.png,0.1266,0.002123,0.0014,0.001243,0.0001096,0.0008683,0.002123,0.0371,0.4243,0.5723,0.725,0.109
PAT_431_850_472.png,0.1772,0.005062,0.003056,0.002148,0.0005264,0.005093,0.005062,0.006886,0.8965,0.5215,0.815,0.157
PAT_1611_2725_680.png,0.0978,0.004814,0.004513,0.00295,0.00193,0.00649,0.004814,0.05887,0.5737,0.2072,0.687,0.038
PAT_637_1434_570.png,0.1351,0.004288,0.009895,0.00986,0.356,0.001641,0.00654,0.5474,0.0677,0.7144,0.72,0.07
PAT_1198_715_648.png,0.2869,0.00644,0.0043,0.0016575,0.001281,0.001308,0.00644,0.07227,0.3708,0.771,0.768,0.112
PAT_1072_318_856.png,0.1663,0.003374,0.0013485,0.000614,0.01206,0.00567,0.003374,0.02652,0.3625,0.421,0.756,0.091
PAT_1070_308_751.png,0.2362,0.003944,0.0051,0.004425,0.00117,0.002872,0.003944,0.03787,0.3784,0.71,0.736,0.063
PAT_393_793_852.png,0.1465,0.0008736,0.001942,0.00155,0.001403,0.002361,0.0008736,0.03616,0.5264,0.567,0.764,0.102
PAT_61_299_74.png,0.1102,0.00602,0.005833,0.006367,0.00264,0.004185,0.006016,0.07666,0.2255,0.575,0.707,0.04
PAT_432_851_560.png,0.173,0.014984,0.00856,0.006535,0.00116,0.01185,0.014984,0.01851,0.5186,0.6377,0.78,0.084
PAT_219_336_376.png,0.05524,0.0347,0.05212,0.04633,0.01503,0.01474,0.03482,0.06003,0.3135,0.8965,0.706,0.037
PAT_1286_999_824.png,0.1014,0.0,0.0,0.0,0.0,0.0,0.0,0.5337,0.1777,0.3606,0.729,0.04
PAT_1448_1551_366.png,0.1079,0.02072,0.01796,0.009674,0.00309,0.00524,0.02072,0.0567,0.504,0.7466,0.708,0.048
PAT_1832_3597_594.png,0.0748,0.01726,0.01232,0.01201,0.01645,0.02406,0.01162,0.1484,0.1273,0.52,0.708,0.044
PAT_1914_3821_427.png,0.06192,0.003876,0.002607,0.001451,0.00487,0.00215,0.003876,0.04828,0.3796,0.4014,0.679,0.053
PAT_835_1577_938.png,0.1624,0.008125,0.002867,0.002075,0.001593,0.002483,0.008125,0.99,0.61,0.1831,0.677,0.119
PAT_1914_3823_180.png,0.10144,0.002417,0.003336,0.002241,0.003134,0.002678,0.002417,0.0587,0.317,0.4995,0.721,0.063
PAT_1978_4004_82.png,0.2058,0.004887,0.002447,0.001597,0.001819,0.005833,0.004887,0.0393,0.27,0.23,0.746,0.081
PAT_627_1188_755.png,0.1483,0.003298,0.003237,0.001872,0.001852,0.0004916,0.003298,0.0394,0.4436,0.3972,0.709,0.045
PAT_337_706_254.png,0.212,0.00223,0.006977,0.007427,0.2559,0.002766,0.0041,0.8965,0.1009,0.481,0.773,0.107
PAT_1597_2666_130.png,0.1669,0.005447,0.004818,0.004433,0.001869,0.002287,0.005447,0.0498,0.28,0.5337,0.714,0.041
PAT_1379_4145_486.png,0.1555,0.0009212,0.001168,0.0011215,0.00114,0.00239,0.0009212,0.0914,0.3892,0.45,0.714,0.084
PAT_1449_1554_932.png,0.1726,0.0006437,0.001843,0.00209,0.001051,0.00396,0.0006437,0.05988,0.572,0.5645,0.752,0.222
PAT_36_49_935.png,0.1198,0.005814,0.007236,0.00725,0.0003083,0.005096,0.005814,0.01489,0.4985,0.7036,0.717,0.039
PAT_217_963_806.png,0.2244,0.002918,0.00678,0.01026,0.04703,0.0052,0.00297,0.92,0.1482,0.6514,0.781,0.148
PAT_1298_1050_519.png,0.1188,0.03055,0.0229,0.0202,0.000538,0.0226,0.03055,0.03198,0.477,0.6943,0.736,0.065
PAT_86_1082_41.png,0.1497,0.005695,0.006245,0.006832,0.000851,0.006542,0.0057,0.9688,0.2325,0.6084,0.828,0.136
PAT_1451_1562_545.png,0.0747,0.009766,0.007607,0.006958,0.002289,0.006504,0.009766,0.04663,0.2156,0.506,0.696,0.041
PAT_791_1487_906.png,0.07733,0.006214,0.00359,0.002195,0.01553,0.001088,0.006203,0.0184,0.3218,0.4324,0.713,0.052
PAT_1314_1108_442.png,0.3455,0.002466,0.001573,0.001181,0.0002847,0.000887,0.002466,0.03946,0.522,0.5435,0.833,0.168
PAT_2006_4123_719.png,0.0952,0.00926,0.00907,0.004272,0.001391,0.002018,0.00926,0.02858,0.6914,0.5806,0.703,0.041
PAT_230_1008_673.png,0.1296,0.002554,0.00382,0.002964,0.000889,0.001503,0.002554,0.01645,0.4817,0.743,0.762,0.103
PAT_813_1619_543.png,0.3179,0.00842,0.000987,0.0004408,0.00324,0.0115,0.00842,0.02228,0.3894,0.7456,0.808,0.162
PAT_621_1182_456.png,0.06097,0.00602,0.00428,0.00388,0.007416,0.004173,0.00602,0.9824,0.2368,0.365,0.697,0.031
PAT_220_1343_489.png,0.455,0.000921,0.00218,0.003572,0.00167,0.005684,0.000921,0.02913,0.5225,0.683,0.825,0.064
PAT_1591_2648_855.png,0.2493,0.0004587,0.003307,0.0059,0.000217,0.007034,0.0004587,0.0923,0.4783,0.9336,0.775,0.112
PAT_286_1459_666.png,0.1512,0.002487,0.00529,0.005817,0.000359,0.00512,0.002487,0.03146,0.391,0.6675,0.736,0.08
PAT_109_868_113.png,0.09357,0.00909,0.002766,0.000728,0.0003304,0.00451,0.00909,0.055,0.5547,0.426,0.757,0.073
PAT_917_1735_936.png,0.2627,0.000954,0.000687,0.000516,0.001432,0.00388,0.000954,0.033,0.686,0.276,0.742,0.096
PAT_540_1016_644.png,0.3306,0.001925,0.00263,0.001508,0.001621,0.001768,0.001925,0.04102,0.525,0.843,0.793,0.182
PAT_166_3672_759.png,0.1945,0.00672,0.003668,0.00272,0.002398,0.002909,0.006714,0.0498,0.2556,0.6265,0.737,0.072
PAT_744_1405_742.png,0.13,0.003235,0.006996,0.009796,0.000728,0.00827,0.003235,0.0671,0.556,0.7456,0.772,0.121
PAT_1942_3917_379.png,0.1114,0.001246,0.000664,0.000661,0.0002682,0.00318,0.001246,0.02873,0.6426,0.3794,0.697,0.04
PAT_71_108_56.png,0.10944,0.0005093,0.0002383,0.000628,0.001367,0.000745,0.0005093,0.0513,0.3513,0.7544,0.842,0.124
PAT_287_440_729.png,0.1461,0.00767,0.01294,0.02196,0.003248,0.02155,0.00767,0.1021,0.4373,0.6206,0.754,0.082
PAT_419_2768_910.png,0.1259,0.001292,0.0009656,0.000937,0.002161,0.000982,0.001292,0.0822,0.2433,0.6226,0.735,0.068
PAT_1591_2648_723.png,0.1356,0.00815,0.00786,0.004185,0.0005593,0.00394,0.00815,0.0657,0.752,0.786,0.747,0.068
PAT_522_986_800.png,0.182,0.001986,0.01163,0.01241,0.1188,0.01726,0.002783,0.909,0.167,0.6294,0.739,0.04
PAT_53_1370_288.png,0.161,0.0003583,0.003246,0.002787,0.00263,0.005844,0.0003583,0.02948,0.1898,0.663,0.763,0.084
PAT_835_1578_592.png,0.0791,0.02132,0.02399,0.02745,0.0734,0.007088,0.02231,0.9536,0.2673,0.4226,0.722,0.072
PAT_492_1784_50.png,0.4233,0.01257,0.0242,0.01987,0.0892,0.008675,0.01462,0.11194,0.1998,0.833,0.792,0.108
PAT_492_4723_890.png,0.17,0.001083,0.002424,0.003906,0.001262,0.003382,0.001083,0.04138,0.2832,0.8066,0.701,0.148
PAT_1392_1352_778.png,0.2357,0.002348,0.002548,0.00242,0.000981,0.00488,0.002348,0.05286,0.426,0.7095,0.78,0.104
PAT_184_284_721.png,0.259,0.000916,0.002304,0.002718,0.0389,0.00229,0.001104,0.0659,0.181,0.5103,0.76,0.161
PAT_1067_284_533.png,0.374,0.0008235,0.003477,0.003855,0.2238,0.001424,0.001503,0.08765,0.113,0.7295,0.768,0.143
PAT_354_1814_619.png,0.1882,0.000881,0.0007114,0.0008006,0.0008416,0.001355,0.000881,0.03012,0.3293,0.546,0.775,0.094
PAT_63_99_189.png,0.74,0.0002906,0.003023,0.004154,0.00961,0.0111,0.0002906,0.08264,0.1416,0.567,0.735,0.52
PAT_297_4307_924.png,0.1669,0.000369,0.001601,0.00131,0.0007467,0.002089,0.000369,0.0609,0.4353,0.663,0.809,0.148
PAT_577_1107_61.png,0.1653,0.007206,0.002974,0.001022,0.0009356,0.00924,0.007206,0.0779,0.4434,0.49,0.735,0.054
PAT_1252_866_852.png,0.1576,0.01075,0.00563,0.002964,0.0002496,0.000924,0.01075,0.06464,0.4612,0.666,0.739,0.059
PAT_63_99_736.png,0.0782,0.001146,0.006504,0.00901,0.006485,0.02153,0.001146,0.0364,0.3003,0.552,0.704,0.027
PAT_464_899_646.png,0.2417,0.00826,0.002596,0.002247,0.00214,0.00591,0.00825,0.986,0.8574,0.3525,0.867,0.164
PAT_181_832_158.png,0.1633,0.003317,0.003155,0.003607,0.00111,0.0076,0.003317,0.0642,0.3938,0.4001,0.716,0.109
PAT_558_1072_486.png,0.0954,0.008675,0.013054,0.01142,0.0004735,0.0075,0.008675,0.9937,0.4841,0.723,0.669,0.094
PAT_1503_1728_65.png,0.1304,0.00391,0.005066,0.00446,0.001149,0.002125,0.00391,0.05515,0.2668,0.5977,0.743,0.083
PAT_97_151_503.png,0.2161,0.0095,0.01265,0.01162,0.001248,0.01081,0.0095,0.0233,0.526,0.82,0.826,0.127
PAT_876_1664_579.png,0.2139,0.01462,0.00215,0.002565,0.00766,0.010925,0.01461,0.9824,0.658,0.4727,0.759,0.133
PAT_122_185_957.png,0.2217,0.00648,0.00822,0.00599,0.003614,0.004993,0.00648,0.0477,0.2905,0.7495,0.834,0.107
PAT_884_1683_538.png,0.2656,0.001243,0.000801,0.001077,0.001939,0.004356,0.001246,0.02274,0.3516,0.8423,0.797,0.107
PAT_535_1011_567.png,0.2384,0.00247,0.01448,0.012085,0.000795,0.01029,0.00247,0.01537,0.228,0.898,0.823,0.123
PAT_793_1512_382.png,0.1621,0.003498,0.005817,0.00604,0.000384,0.006824,0.003498,0.0656,0.3105,0.6255,0.75,0.072
PAT_153_233_45.png,0.1096,0.0007114,0.001937,0.001933,0.0003319,0.001678,0.0007114,0.00779,0.2998,0.757,0.828,0.122
PAT_950_1804_64.png,0.894,0.00833,0.00773,0.00612,0.01078,0.006092,0.00833,0.0475,0.1713,0.7256,0.779,0.768
PAT_621_3591_171.png,0.135,0.008675,0.01024,0.01181,0.05984,0.01996,0.008675,0.0503,0.5244,0.3623,0.706,0.056
PAT_72_110_647.png,0.1451,0.01227,0.01692,0.01334,0.00447,0.00966,0.01227,0.04395,0.4148,0.5596,0.745,0.054
PAT_50_76_296.png,0.2021,0.007313,0.00384,0.002789,0.02048,0.005127,0.00718,0.02087,0.4485,0.592,0.76,0.09
PAT_600_1141_988.png,0.1448,0.007698,0.00935,0.00998,0.08936,0.00869,0.007736,0.03482,0.2094,0.732,0.725,0.07
PAT_362_744_283.png,0.2495,0.0008965,0.001242,0.001041,0.0008116,0.000967,0.0008965,0.0505,0.4539,0.699,0.832,0.175
PAT_198_853_778.png,0.274,0.001307,0.002346,0.002254,0.001783,0.003967,0.001307,0.0875,0.6313,0.6157,0.854,0.171
PAT_649_1233_229.png,0.11035,0.001908,0.001694,0.001215,0.000216,0.0002675,0.001908,0.0739,0.4688,0.5005,0.718,0.071
PAT_641_1211_321.png,0.1326,0.001125,0.002232,0.002337,0.0003533,0.0062,0.001125,0.0315,0.3848,0.5225,0.733,0.082
PAT_966_1826_587.png,0.1648,0.000779,0.001914,0.001913,0.01683,0.001452,0.000779,0.05194,0.2808,0.6343,0.793,0.094
PAT_1521_1778_763.png,0.1218,0.003601,0.003506,0.003784,0.002375,0.008194,0.003601,0.0593,0.3474,0.5728,0.762,0.103
PAT_994_1866_913.png,0.1555,0.00074,0.00435,0.002773,0.00447,0.00449,0.00074,0.9624,0.0984,0.7754,0.783,0.14
PAT_403_804_994.png,0.1744,0.0113,0.0206,0.02629,0.7256,0.0062,0.0225,0.0571,0.1655,0.3743,0.717,0.042
PAT_465_901_106.png,0.0853,0.006424,0.003944,0.002413,0.001403,0.001313,0.006424,0.04932,0.5063,0.4285,0.701,0.046
PAT_526_3205_611.png,0.1903,0.000504,0.001507,0.001343,0.001669,0.001834,0.0005045,0.9785,0.175,0.636,0.784,0.127
PAT_1709_3159_144.png,0.1495,0.001262,0.001056,0.001164,0.0001773,0.0005984,0.001262,0.05017,0.3826,0.7163,0.733,0.089
PAT_154_235_162.png,0.07715,0.0004776,0.0026,0.00396,0.0001106,0.003729,0.0004773,0.07074,0.336,0.867,0.764,0.069
PAT_831_1570_637.png,0.1787,0.000674,0.002413,0.002413,0.39,0.00103,0.001396,0.0931,0.0799,0.6934,0.788,0.132
PAT_759_1433_914.png,0.0976,0.0009503,0.00502,0.00579,0.0004282,0.00764,0.0009503,0.01862,0.537,0.7,0.715,0.035
PAT_764_1448_499.png,0.1284,0.009285,0.003315,0.001647,0.0006866,0.003704,0.009285,0.038,0.6963,0.6055,0.659,0.124
PAT_2144_4738_120.png,0.1036,0.001736,0.0006933,0.0005207,0.000277,0.0055,0.001736,0.02953,0.4094,0.3403,0.69,0.031
PAT_251_382_164.png,0.2632,0.0007553,0.002714,0.002203,0.00856,0.003593,0.0007553,0.01785,0.231,0.5703,0.837,0.153
PAT_1418_1447_360.png,0.5483,0.01558,0.010345,0.00898,0.01617,0.015434,0.01558,0.0534,0.2551,0.8223,0.75,0.39
PAT_43_1017_483.png,0.1476,9.67e-05,0.0002329,0.0002319,0.0001376,0.0003512,9.69e-05,0.03625,0.3906,0.647,0.867,0.138
PAT_1349_1229_828.png,0.11774,0.007008,0.002823,0.001862,0.0002837,0.002085,0.007008,0.03513,0.6323,0.593,0.684,0.059
PAT_370_2558_175.png,0.5,0.00524,0.00528,0.00528,0.002874,0.001135,0.00524,0.02179,0.3328,0.7617,0.897,0.355
PAT_1273_952_89.png,0.09314,0.003893,0.0049,0.00606,0.1621,0.01261,0.004066,0.05444,0.10864,0.5215,0.705,0.046
PAT_258_397_198.png,0.1344,0.0052,0.003607,0.005215,0.5005,0.002504,0.004242,0.05188,0.205,0.56,0.787,0.128
PAT_439_2887_834.png,0.152,0.001296,0.003246,0.003857,0.04367,0.002,0.001445,0.94,0.1849,0.586,0.74,0.08
PAT_959_1813_1000.png,0.1272,0.001527,0.003666,0.003515,0.02655,0.003399,0.001527,0.9536,0.2241,0.551,0.802,0.128
PAT_773_1459_554.png,0.1748,0.004173,0.00478,0.004528,0.000618,0.003819,0.004173,0.04108,0.4644,0.8877,0.761,0.074
PAT_1415_1437_527.png,0.133,0.0009646,0.002352,0.001787,0.002657,0.0009327,0.0009646,0.06335,0.2727,0.732,0.733,0.085
PAT_1780_3380_542.png,0.1214,0.005344,0.003986,0.002821,0.001129,0.001361,0.005344,0.0551,0.2883,0.2852,0.735,0.074
PAT_471_909_394.png,0.4912,0.00526,0.001576,0.00108,0.001645,0.00752,0.00526,0.03177,0.1742,0.219,0.855,0.106
PAT_1288_1003_553.png,0.08014,0.007404,0.01141,0.00961,0.02518,0.004467,0.007404,0.07947,0.0869,0.595,0.696,0.058
PAT_337_706_598.png,0.2113,0.003292,0.00831,0.009544,0.1836,0.004494,0.004673,0.8833,0.0993,0.4856,0.778,0.105
PAT_1326_1156_163.png,0.649,0.006126,0.009,0.006817,0.1274,0.010635,0.00612,0.097,0.1678,0.4255,0.7,0.449
PAT_2065_4412_407.png,0.0889,0.001914,0.0114,0.01762,0.001455,0.0275,0.001914,0.03827,0.247,0.6445,0.7,0.054
PAT_633_1199_218.png,0.1075,0.00147,0.003748,0.004562,0.001959,0.004787,0.00147,0.961,0.4004,0.6514,0.715,0.037
PAT_816_1544_933.png,0.251,0.001839,0.01043,0.010605,0.00552,0.01319,0.001839,0.986,0.3875,0.5957,0.837,0.127
PAT_1216_759_542.png,0.0863,0.0174,0.006927,0.005516,0.000529,0.007057,0.0174,0.05,0.5605,0.6367,0.727,0.047
PAT_123_186_718.png,0.151,0.0,0.0,0.0,0.0,0.0,0.0,0.03955,0.264,0.795,0.776,0.092
PAT_1626_2811_850.png,0.169,0.004753,0.003265,0.002352,0.00149,0.002874,0.004753,0.04782,0.3179,0.679,0.754,0.062
PAT_59_93_342.png,0.22,0.002153,0.001846,0.00249,0.00109,0.001812,0.002153,0.02803,0.426,0.6733,0.853,0.141
PAT_1275_955_131.png,0.2737,0.000549,0.0009484,0.001291,0.003185,0.001744,0.000549,0.03143,0.3523,0.8325,0.844,0.24
PAT_798_1529_282.png,0.07635,0.001226,0.003513,0.004227,0.002197,0.00961,0.001227,0.065,0.537,0.424,0.691,0.077
PAT_796_1509_400.png,0.661,0.003395,0.003849,0.00511,0.023,0.003372,0.003397,0.0446,0.1794,0.7236,0.792,0.519
PAT_373_2598_514.png,0.12164,0.006634,0.0085,0.01068,0.00469,0.00968,0.006634,0.03162,0.2229,0.508,0.701,0.059
PAT_1221_766_430.png,0.1026,0.004242,0.002464,0.003674,0.0023,0.002539,0.004242,0.0618,0.448,0.7705,0.727,0.056
PAT_1555_2396_71.png,0.07306,0.005524,0.01201,0.01099,0.1954,0.00823,0.00577,0.04974,0.1929,0.473,0.718,0.033
PAT_953_1806_845.png,0.1543,0.001037,0.005318,0.002966,0.00931,0.00362,0.001037,0.02994,0.4338,0.6157,0.72,0.082
PAT_340_714_314.png,0.09247,0.01104,0.01047,0.01359,0.4207,0.03827,0.01311,0.088,0.103,0.5376,0.767,0.086
PAT_29_40_561.png,0.0926,0.0014715,0.001844,0.001366,0.0003152,0.001505,0.001472,0.0555,0.5527,0.5283,0.726,0.044
PAT_789_1483_793.png,0.223,0.02568,0.0402,0.03253,0.2373,0.00735,0.03427,0.2708,0.1464,0.59,0.77,0.112
PAT_1408_1404_929.png,0.1385,0.001608,0.001499,0.001803,0.004536,0.001374,0.001608,0.0509,0.2903,0.5737,0.759,0.087
PAT_1951_3934_98.png,0.1682,5.8e-06,0.001171,0.002146,0.2297,6.2e-05,0.000758,0.6973,0.05997,0.751,0.788,0.128
PAT_177_775_786.png,0.2385,0.0003085,0.0006,0.0005827,0.001857,0.0006194,0.0003085,0.981,0.347,0.6587,0.764,0.122
PAT_457_890_255.png,0.1792,0.002014,0.00468,0.004536,0.00286,0.001657,0.002016,0.07043,0.1459,0.8086,0.767,0.118
PAT_344_718_206.png,0.1357,0.001038,0.001042,0.000225,0.000806,0.0009537,0.001038,0.09247,0.672,0.279,0.721,0.043
PAT_1061_254_813.png,0.0926,0.0003703,0.001706,0.001434,0.001041,0.002296,0.0003703,0.006973,0.10376,0.557,0.689,0.108
PAT_27_38_240.png,0.11945,0.02617,0.02263,0.01582,0.0001739,0.006153,0.02617,0.07666,0.4248,0.4045,0.757,0.082
PAT_717_1347_899.png,0.1748,0.001523,0.0008607,0.000887,0.04196,0.00604,0.001528,0.0653,0.3254,0.3713,0.676,0.126
PAT_1650_2913_374.png,0.3027,0.001649,0.00197,0.002552,0.005733,0.001401,0.001649,0.02295,0.3218,0.6055,0.816,0.204
PAT_354_1814_153.png,0.115,0.001461,0.001469,0.00131,0.002684,0.001611,0.00146,0.02982,0.2708,0.5654,0.702,0.068
PAT_1208_736_599.png,0.1833,0.00612,0.00414,0.00404,0.003952,0.014694,0.006126,0.05786,0.646,0.2073,0.732,0.054
PAT_1288_1003_969.png,0.0695,0.004425,0.005016,0.004234,0.005917,0.001661,0.004425,0.02336,0.1992,0.4797,0.703,0.04
PAT_817_1537_943.png,0.1045,0.0002813,0.001574,0.001201,0.00639,0.00194,0.0002813,0.01715,0.2205,0.602,0.72,0.064
PAT_1988_4052_897.png,0.1425,0.00898,0.006668,0.00778,0.00915,0.002766,0.00898,0.9766,0.1901,0.5586,0.7,0.044
PAT_1307_1088_252.png,0.236,0.003603,0.003613,0.00427,0.0006914,0.006123,0.003603,0.06116,0.399,0.6655,0.752,0.078
PAT_1837_3608_851.png,0.0939,0.002506,0.004513,0.00268,0.005318,0.004215,0.002506,0.05313,0.4114,0.4988,0.705,0.041
PAT_464_900_548.png,0.11426,0.00225,0.001057,0.000966,0.003006,0.006447,0.002249,0.9834,0.5454,0.2988,0.733,0.051
PAT_1801_3459_857.png,0.0874,0.0004869,0.0009117,0.002237,0.00267,0.006924,0.0004869,0.0829,0.365,0.619,0.694,0.04
PAT_1377_3512_370.png,0.0992,0.00881,0.002594,0.002266,0.02913,0.02458,0.00865,0.0172,0.2356,0.3113,0.721,0.054
PAT_1186_680_578.png,0.1863,0.007736,0.001667,0.0005174,0.000723,0.01096,0.007736,0.07086,0.5693,0.5947,0.717,0.034
PAT_1364_1246_143.png,0.1731,0.0005794,0.002316,0.002165,0.000911,0.002998,0.0005794,0.0949,0.3896,0.6826,0.786,0.107
PAT_890_1694_29.png,0.0816,0.003101,0.003725,0.003424,0.006714,0.00409,0.003103,0.0443,0.0849,0.594,0.704,0.068
PAT_96_150_743.png,0.2993,8.51e-05,0.00512,0.005653,0.003109,0.01531,8.494e-05,0.01045,0.4417,0.585,0.89,0.189
PAT_756_1496_480.png,0.2246,0.004604,0.001938,0.0007453,0.000278,0.002419,0.004604,0.0537,0.745,0.344,0.696,0.058
PAT_1723_3218_111.png,0.316,0.001158,0.002071,0.001859,0.001557,0.002195,0.001158,0.01877,0.2703,0.6987,0.816,0.149
PAT_1350_1230_925.png,0.1971,0.001946,0.00749,0.00832,0.002996,0.0164,0.00195,0.9717,0.3674,0.4702,0.773,0.08
PAT_309_663_812.png,0.3628,0.00829,0.00206,0.004227,0.008125,0.00976,0.00829,0.989,0.9155,0.2908,0.885,0.202
PAT_104_1754_276.png,0.2822,0.0006375,0.002129,0.002205,0.5273,0.0004125,0.001387,0.9316,0.0939,0.712,0.876,0.275
PAT_260_1289_396.png,0.1567,0.003239,0.002708,0.003162,0.00226,0.000899,0.003239,0.01337,0.293,0.5347,0.756,0.094
PAT_1570_2472_418.png,0.3313,0.0004668,0.0002747,0.0002677,0.07465,0.0001551,0.0004313,0.9473,0.0455,0.5874,0.773,0.14
PAT_207_313_1.png,0.1295,0.003336,0.005157,0.006134,0.0904,0.00254,0.004757,0.939,0.2377,0.54,0.739,0.059
PAT_173_268_1000.png,0.0997,0.00805,0.00861,0.00879,0.01229,0.02869,0.00805,0.1191,0.2544,0.3408,0.73,0.051
PAT_1807_3481_801.png,0.723,0.00337,0.00224,0.003653,0.0975,0.0001176,0.00351,0.03534,0.0744,0.7197,0.83,0.625
PAT_245_376_24.png,0.3904,0.007935,0.01862,0.015594,0.01268,0.01345,0.007935,0.05322,0.1648,0.74,0.845,0.217
PAT_1755_3310_986.png,0.07324,0.002062,0.009346,0.011826,0.001719,0.01256,0.002062,0.01915,0.458,0.6606,0.7,0.048
PAT_534_1009_924.png,0.1067,0.011665,0.00858,0.00833,0.02657,0.00714,0.011665,0.03265,0.3066,0.5303,0.717,0.041
PAT_585_1130_552.png,0.0643,0.003906,0.006374,0.00801,0.014595,0.00988,0.003906,0.082,0.2191,0.5127,0.699,0.039
PAT_1577_2543_510.png,0.10455,0.00868,0.00885,0.00893,0.0006065,0.006973,0.00868,0.04807,0.4053,0.7305,0.739,0.074
PAT_2024_4224_141.png,0.93,0.0008793,0.001232,0.0009313,0.001663,0.0007935,0.0008793,0.0675,0.5244,0.782,0.773,0.773
PAT_1761_3329_837.png,0.4673,0.000555,0.001044,0.001324,0.001307,0.001816,0.000554,0.9785,0.1268,0.697,0.808,0.376
PAT_564_1079_430.png,0.3132,0.001052,0.002697,0.002546,0.0003989,0.0078,0.001052,0.0345,0.3137,0.4753,0.806,0.1
PAT_1486_1684_182.png,0.2001,0.00373,0.008606,0.00839,0.01608,0.006184,0.00381,0.9775,0.3523,0.5537,0.701,0.08
PAT_2129_4680_110.png,0.2673,0.0,0.0,0.0,0.0,0.0,0.0,0.03586,0.1729,0.457,0.74,0.064
PAT_950_1804_334.png,0.312,0.003147,0.0026,0.002016,0.0005116,0.003363,0.003147,0.01231,0.5596,0.757,0.892,0.226
PAT_900_1711_622.png,0.2374,0.003466,0.002674,0.001369,0.000621,0.001196,0.003466,0.0537,0.5977,0.6313,0.654,0.143
PAT_504_953_569.png,0.1803,0.001849,0.003403,0.002968,0.00551,0.00285,0.001849,0.06323,0.1837,0.626,0.854,0.16
PAT_2153_4782_321.png,0.3638,0.0009775,0.002472,0.002441,0.000827,0.002247,0.0009775,0.01244,0.1887,0.661,0.786,0.194
PAT_593_1127_823.png,0.2837,0.00057,0.003298,0.003597,0.02403,0.00581,0.0006056,0.932,0.2455,0.621,0.822,0.122
PAT_15_3138_959.png,0.4065,2.563e-05,0.0005946,0.000538,0.000519,0.001055,2.57e-05,0.01119,0.295,0.6714,0.911,0.336
PAT_1261_896_349.png,0.3906,0.000651,0.0003448,0.0002844,0.000843,0.000935,0.000651,0.03702,0.3342,0.2927,0.855,0.209
PAT_810_1526_639.png,0.2507,0.00834,0.00655,0.007515,0.0004954,0.001639,0.00834,0.01585,0.321,0.8574,0.836,0.143
PAT_1220_765_464.png,0.3135,0.005062,0.00226,0.001445,0.00108,0.009094,0.005062,0.0659,0.541,0.704,0.772,0.296
PAT_638_3680_891.png,0.2837,0.000322,0.0013895,0.001657,0.073,0.001158,0.0003738,0.9624,0.1484,0.72,0.813,0.196
PAT_787_1482_328.png,0.2546,0.002468,0.00475,0.003214,0.01374,0.007053,0.00249,0.0695,0.2245,0.4458,0.795,0.14
PAT_1286_1000_276.png,0.1334,0.0,0.0,0.0,0.0,0.0,0.0,0.1564,0.1355,0.5947,0.74,0.046
PAT_1603_2704_969.png,0.05954,0.001931,0.006226,0.00793,0.004433,0.0108,0.001931,0.04495,0.09125,0.632,0.711,0.04
PAT_1305_1082_88.png,0.0481,0.003668,0.005478,0.00539,0.0003774,0.008736,0.003668,0.0515,0.569,0.3923,0.68,0.051
PAT_625_1184_412.png,0.05304,0.007614,0.006992,0.00825,0.2534,0.003134,0.007324,0.9443,0.2268,0.565,0.687,0.029
PAT_1534_1809_366.png,0.1534,0.002512,0.00327,0.003088,0.0018635,0.002861,0.002512,0.9785,0.2144,0.4556,0.72,0.055
PAT_352_729_947.png,0.192,0.01688,0.008965,0.00534,0.3848,0.004734,0.012825,0.0708,0.2169,0.4507,0.724,0.058
PAT_633_1199_745.png,0.2512,0.0005746,0.002596,0.00295,0.001689,0.00483,0.0005746,0.959,0.4543,0.5894,0.733,0.077
PAT_902_1718_852.png,0.1934,0.01249,0.00455,0.002834,0.001554,0.02333,0.01249,0.06012,0.4724,0.6147,0.725,0.057
PAT_877_1667_118.png,0.2908,0.002735,0.001334,0.00102,0.001287,0.001774,0.002735,0.0396,0.5273,0.5957,0.842,0.178
PAT_1940_3902_876.png,0.0923,0.00223,0.002571,0.002388,0.0001351,0.000812,0.00223,0.04477,0.4219,0.671,0.691,0.042
PAT_1138_520_154.png,0.11676,0.0,0.0,0.0,0.0,0.0,0.0,0.01837,0.408,0.4211,0.748,0.071
PAT_380_774_185.png,0.3247,0.003004,0.00912,0.011185,0.4395,0.00881,0.004723,0.0421,0.0998,0.505,0.853,0.195
PAT_1975_3999_453.png,0.0752,0.0001743,0.0001357,7.67e-05,0.0002223,0.0001558,0.0001743,0.03613,0.2717,0.2727,0.72,0.076
PAT_711_1334_480.png,0.09595,0.001203,0.002594,0.002012,0.0002854,0.001652,0.001104,0.869,0.1984,0.5645,0.754,0.073
PAT_1351_1231_203.png,0.2023,0.00476,0.00555,0.003513,0.005856,0.005737,0.004757,0.0907,0.1136,0.718,0.724,0.057
PAT_1177_633_705.png,0.2489,0.0002697,0.0005107,0.0003989,0.000984,0.000415,0.0002697,0.986,0.1573,0.5615,0.79,0.181
PAT_1698_3122_83.png,0.1213,0.002262,0.002432,0.002312,0.0002625,0.00206,0.002262,0.03156,0.4739,0.755,0.772,0.096
PAT_67_104_695.png,0.161,0.01359,0.013756,0.01363,0.2666,0.00741,0.01375,0.0713,0.12427,0.4539,0.831,0.141
PAT_471_909_353.png,0.4573,0.01533,0.006508,0.00521,0.4197,0.001256,0.01281,0.552,0.0876,0.382,0.833,0.091
PAT_621_3592_955.png,0.10565,0.00967,0.003155,0.001406,0.0001421,0.003918,0.00967,0.04556,0.5195,0.4045,0.717,0.033
PAT_1286_999_846.png,0.1023,0.002853,0.000927,0.00082,0.3528,0.006218,0.002083,0.485,0.0854,0.3416,0.734,0.04
PAT_316_1457_353.png,0.1696,0.01218,0.02596,0.02232,0.1371,0.01313,0.01497,0.10486,0.1743,0.5205,0.757,0.127
PAT_615_1167_722.png,0.05206,0.01959,0.00867,0.004475,0.003904,0.0133,0.01959,0.0568,0.3848,0.6113,0.714,0.051
PAT_1340_1207_304.png,0.1334,0.0,0.0,0.0,0.0,0.0,0.0,0.02686,0.1694,0.5425,0.689,0.034
PAT_2024_4225_170.png,0.191,0.003994,0.01067,0.01226,0.001379,0.006287,0.003994,0.01952,0.3752,0.676,0.667,0.129
PAT_782_1492_890.png,0.1982,0.00984,0.00805,0.010056,0.01923,0.01773,0.00975,0.05124,0.2113,0.524,0.78,0.144
PAT_893_1697_613.png,0.805,0.01124,0.01127,0.01794,0.1926,0.03084,0.014084,0.05753,0.5205,0.7334,0.722,0.579
PAT_351_728_683.png,0.2898,0.001664,0.00559,0.00629,0.0007205,0.005493,0.001664,0.02023,0.4011,0.9395,0.819,0.142
PAT_282_433_934.png,0.3289,0.003136,0.003498,0.00327,0.002739,0.00924,0.003136,0.973,0.1531,0.704,0.872,0.272
PAT_1153_555_98.png,0.8086,0.001379,0.006935,0.005856,0.05368,0.00853,0.001386,0.09375,0.178,0.599,0.715,0.733
PAT_1373_1283_85.png,0.1484,0.01152,0.01458,0.01659,0.003744,0.01112,0.01152,0.9673,0.298,0.5815,0.764,0.09
PAT_1689_3077_411.png,0.1578,0.01188,0.01069,0.00728,0.01031,0.001796,0.01188,0.8906,0.0494,0.8213,0.737,0.057
PAT_861_1639_823.png,0.1992,0.002514,0.01333,0.01224,0.005924,0.01826,0.00253,0.03607,0.1279,0.7153,0.885,0.249
PAT_281_1517_293.png,0.1192,0.0006323,0.0005965,0.0004363,0.000201,0.0004473,0.0006323,0.03046,0.4136,0.4417,0.778,0.085
PAT_2017_4164_500.png,0.1603,0.003534,0.00794,0.007275,0.002441,0.01093,0.003534,0.02382,0.5146,0.5933,0.766,0.099
PAT_486_929_274.png,0.2861,0.010376,0.006653,0.005363,0.005745,0.00579,0.010376,0.04077,0.1442,0.5747,0.836,0.204
PAT_938_1790_977.png,0.3804,0.00617,0.001801,0.001596,0.0537,0.0202,0.005947,0.02348,0.2654,0.4592,0.825,0.18
PAT_645_1223_443.png,0.1417,0.010086,0.004986,0.004326,0.00682,0.003738,0.01008,0.01229,0.4436,0.4534,0.783,0.117
PAT_86_1082_220.png,0.145,0.003708,0.004997,0.005455,0.002373,0.001934,0.003708,0.98,0.2705,0.67,0.78,0.073
PAT_747_1410_622.png,0.11316,0.0009675,0.002161,0.002678,0.00231,0.002768,0.0009656,0.977,0.2712,0.792,0.743,0.084
PAT_2161_4818_501.png,0.1226,0.00457,0.002092,0.0017805,0.000548,0.00489,0.00457,0.05917,0.585,0.4707,0.729,0.043
PAT_876_1666_961.png,0.0966,0.003235,0.007614,0.00778,0.001075,0.01886,0.003235,0.9834,0.3257,0.521,0.726,0.078
PAT_1453_1566_310.png,0.1698,0.000783,0.00096,0.000364,0.0004616,0.0001618,0.000783,0.05698,0.4888,0.605,0.811,0.143
PAT_887_1688_436.png,0.2086,0.001929,0.002474,0.002644,0.001566,0.003763,0.001929,0.02539,0.2515,0.4934,0.79,0.089
PAT_1587_2625_226.png,0.0934,0.007088,0.00688,0.004704,0.01179,0.002068,0.007088,0.03683,0.1896,0.693,0.742,0.083
PAT_1937_3897_131.png,0.2245,0.0011215,0.0014,0.001119,0.001682,0.0001575,0.0011215,0.142,0.1975,0.773,0.748,0.152
PAT_936_1772_886.png,0.126,0.000967,0.0003817,0.000163,0.0472,0.000836,0.0007234,0.05673,0.08624,0.656,0.758,0.081
PAT_1998_4095_438.png,0.1736,0.000629,0.001343,0.001513,0.00010186,0.000605,0.000629,0.01118,0.3628,0.843,0.724,0.125
PAT_801_1518_574.png,0.2808,0.0,0.0,0.0,0.0,0.0,0.0,0.1158,0.05237,0.6147,0.754,0.072
PAT_1550_1888_216.png,0.1534,0.000303,0.0003116,0.0003572,0.0001093,0.0006456,0.000303,0.06186,0.4116,0.5635,0.784,0.155
PAT_1364_1246_583.png,0.2607,2.843e-05,3.76e-05,0.0001394,1.21e-05,0.0002056,2.843e-05,0.1026,0.2761,0.746,0.733,0.051
PAT_701_1321_156.png,0.1177,0.00632,0.003403,0.003103,0.48,0.0016775,0.005016,0.02534,0.0902,0.5713,0.733,0.082
PAT_940_1775_513.png,0.2598,0.0009494,0.00375,0.004974,0.00681,0.00478,0.0009494,0.9824,0.3599,0.633,0.833,0.146
PAT_160_248_254.png,0.1421,0.003458,0.005543,0.008026,0.06216,0.004623,0.004005,0.89,0.1694,0.691,0.772,0.141
PAT_1269_936_965.png,0.218,0.002039,0.0028,0.002695,0.002083,0.004444,0.002039,0.0905,0.625,0.899,0.736,0.1
PAT_822_1551_642.png,0.09796,0.01355,0.006256,0.00443,0.0392,0.0138,0.01271,0.06445,0.237,0.6445,0.756,0.121
PAT_1229_794_274.png,0.2286,0.0001494,0.0004702,0.0003126,0.00010735,0.0003028,0.0001494,0.1001,0.7344,0.8936,0.716,0.082
PAT_119_181_684.png,0.8477,0.002275,0.003256,0.002094,0.00792,0.009346,0.002275,0.10126,0.0729,0.597,0.818,0.745
PAT_46_880_308.png,0.1604,0.0008035,0.000981,0.0009503,0.00275,0.001507,0.0008035,0.9727,0.3992,0.512,0.749,0.076
PAT_417_3537_45.png,0.173,0.0003746,0.000753,0.002407,0.2288,0.001744,0.0005903,0.07104,0.1449,0.477,0.72,0.047
PAT_632_3700_890.png,0.1672,0.00448,0.006794,0.003485,0.005478,0.001156,0.00448,0.02664,0.3208,0.89,0.751,0.069
PAT_864_1646_822.png,0.1257,0.0006466,0.00305,0.001849,0.0010805,0.003206,0.0006466,0.0397,0.6924,0.66,0.732,0.075
PAT_151_227_63.png,0.274,0.00106,0.002789,0.002634,0.002075,0.001966,0.00106,0.979,0.1521,0.8057,0.875,0.175
PAT_263_403_966.png,0.0661,0.001642,0.004738,0.005646,0.001417,0.006508,0.001642,0.05457,0.5205,0.725,0.685,0.049
PAT_2088_4523_400.png,0.1658,0.006157,0.00246,0.000838,0.000869,0.001333,0.006157,0.06323,0.489,0.6016,0.723,0.081
PAT_1535_1812_660.png,0.0775,0.001125,0.000663,0.0002248,0.001279,0.0006022,0.001125,0.0423,0.3254,0.4924,0.711,0.055
PAT_2089_4529_762.png,0.3792,0.001636,0.00852,0.009964,0.00929,0.01002,0.001636,0.01865,0.3347,0.628,0.829,0.17
PAT_122_869_60.png,0.4377,0.01064,0.0127,0.01562,0.003456,0.013504,0.01064,0.963,0.3325,0.688,0.905,0.268
PAT_158_621_68.png,0.1948,0.0004113,0.002178,0.001735,0.005814,0.001937,0.0004113,0.06274,0.627,0.7583,0.762,0.121
PAT_823_1558_870.png,0.5737,0.001297,0.00209,0.00229,0.0005116,0.002764,0.001297,0.07684,0.2969,0.645,0.887,0.496
PAT_1315_1110_317.png,0.347,0.002357,0.0055,0.004234,0.00368,0.00207,0.002357,0.0487,0.4023,0.9077,0.784,0.172
PAT_230_1007_645.png,0.3425,0.010284,0.01229,0.010704,0.003521,0.00572,0.010284,0.02808,0.447,0.797,0.857,0.219
PAT_667_1264_8.png,0.2825,0.001342,0.003313,0.003729,0.01413,0.002874,0.001529,0.01752,0.3315,0.557,0.867,0.253
PAT_622_1185_922.png,0.1685,0.008354,0.009865,0.0125,0.0709,0.001912,0.008736,0.926,0.201,0.4785,0.746,0.074
PAT_665_1260_16.png,0.1953,0.002005,0.001198,0.0006967,0.000826,4.19e-05,0.002003,0.00786,0.3704,0.2788,0.73,0.054
PAT_2128_4676_965.png,0.2197,0.0003839,0.006363,0.005684,0.00059,0.01029,0.0003839,0.01926,0.3008,0.6514,0.748,0.134
PAT_135_202_105.png,0.0961,0.0086,0.01172,0.01197,0.005737,0.011154,0.0086,0.028,0.194,0.831,0.776,0.096
PAT_159_244_102.png,0.2935,0.000573,0.004406,0.004112,0.002277,0.00965,0.000573,0.015396,0.411,0.611,0.88,0.207
PAT_1008_59_297.png,0.2634,0.004284,0.00636,0.00619,0.00197,0.02452,0.004288,0.07074,0.3445,0.4238,0.861,0.168
PAT_265_1371_303.png,0.2253,0.003658,0.003317,0.002125,0.004448,0.003815,0.003658,0.1007,0.3252,0.4795,0.757,0.099
PAT_1451_1560_616.png,0.04666,0.003172,0.0055,0.00606,0.001424,0.0096,0.003187,0.044,0.599,0.479,0.685,0.044
PAT_752_1426_714.png,0.3093,0.001713,0.002827,0.003452,0.00796,0.001374,0.001838,0.0384,0.12146,0.6064,0.805,0.132
PAT_202_307_927.png,0.243,0.00297,0.004444,0.003557,0.001286,0.01165,0.00297,0.004757,0.4333,0.542,0.793,0.141
PAT_1418_1447_334.png,0.0986,0.007572,0.007122,0.00818,0.03693,0.01156,0.007607,0.0408,0.1761,0.411,0.687,0.028
PAT_656_1246_483.png,0.162,0.000836,0.0007186,0.0008826,0.005615,0.004147,0.000975,0.5522,0.2452,0.221,0.769,0.083
PAT_2124_4650_575.png,0.142,0.00243,0.0022,0.002693,0.0007067,0.001093,0.00243,0.992,0.4805,0.7197,0.836,0.12
PAT_1105_420_520.png,0.3298,0.00198,0.001158,0.001584,0.01018,0.00136,0.00198,0.07715,0.2136,0.3967,0.841,0.201
PAT_1543_4346_860.png,0.191,0.000384,0.000982,0.00101,0.00238,0.001181,0.0003846,0.975,0.2954,0.5435,0.746,0.158
PAT_1335_1181_21.png,0.1663,0.00197,0.001185,0.0009146,0.1957,0.0006986,0.00137,0.531,0.11096,0.3164,0.726,0.051
PAT_1907_3801_88.png,0.10565,0.004066,0.002415,0.000904,0.0797,0.005054,0.00403,0.1097,0.1821,0.6387,0.702,0.055
PAT_680_1289_585.png,0.1838,0.00271,0.001236,0.0006547,0.0003164,0.001864,0.00271,0.0644,0.4846,0.4912,0.77,0.154
PAT_420_834_948.png,0.0849,0.00443,0.006847,0.008316,0.001431,0.0083,0.00443,0.04617,0.4426,0.585,0.697,0.025
PAT_948_1800_310.png,0.2705,0.00141,0.002508,0.002432,0.01012,0.002888,0.00141,0.954,0.1749,0.583,0.774,0.162
PAT_300_1478_445.png,0.1748,0.01093,0.010994,0.01047,0.01772,0.00899,0.01091,0.9575,0.1512,0.504,0.791,0.171
PAT_138_206_507.png,0.2491,0.005615,0.002565,0.002655,0.007965,0.000328,0.005615,0.03455,0.2244,0.8374,0.868,0.13
PAT_194_298_367.png,0.3228,0.006405,0.003525,0.002941,0.0315,0.01772,0.006393,0.0442,0.173,0.6284,0.77,0.106
PAT_260_400_842.png,0.26,0.001025,0.00374,0.0034,8.4e-05,0.004482,0.001025,0.9824,0.3237,0.766,0.798,0.173
PAT_345_719_815.png,0.1459,0.01303,0.00596,0.00351,0.687,0.00752,0.008644,0.10455,0.2108,0.65,0.73,0.053
PAT_244_374_726.png,0.07794,0.002821,0.001619,0.001074,0.00831,0.007206,0.001074,0.572,0.1797,0.3794,0.676,0.089
PAT_1451_1561_100.png,0.05618,0.002918,0.00577,0.004593,0.001555,0.00695,0.002918,0.06445,0.4565,0.592,0.71,0.047
PAT_1066_281_99.png,0.0809,0.002016,0.00625,0.00624,0.06433,0.002493,0.002308,0.931,0.0702,0.831,0.714,0.107
PAT_612_1163_833.png,0.2045,0.01164,0.010414,0.01564,0.01439,0.008896,0.01164,0.971,0.3313,0.657,0.824,0.158
PAT_63_98_127.png,0.2654,0.00431,0.00827,0.00688,0.004833,0.003273,0.004314,0.02596,0.2917,0.8745,0.816,0.106
PAT_877_1667_667.png,0.1393,0.012024,0.01531,0.01727,0.01671,0.006874,0.012024,0.954,0.3293,0.679,0.716,0.068
PAT_1484_1682_240.png,0.0922,0.00756,0.006054,0.003605,0.2394,0.00349,0.007362,0.09784,0.1913,0.4072,0.715,0.049
PAT_1100_402_375.png,0.1197,0.00431,0.004192,0.004684,0.010315,0.003258,0.00431,0.04144,0.1008,0.5967,0.718,0.036
PAT_1844_3618_373.png,0.08777,0.00837,0.00792,0.00955,0.00478,0.002829,0.00837,0.1086,0.2363,0.4907,0.701,0.043
PAT_368_2427_803.png,0.646,0.0007653,0.001057,0.000634,0.00111,0.001199,0.0007653,0.06964,0.5283,0.4792,0.808,0.665
PAT_1960_3957_864.png,0.187,0.003803,0.001232,0.0002685,0.0004668,0.00295,0.003803,0.06506,0.538,0.5312,0.715,0.047
PAT_242_369_337.png,0.0998,0.002306,0.005085,0.00641,0.001622,0.003428,0.002306,0.00894,0.4727,0.8438,0.755,0.094
PAT_780_1473_791.png,0.1181,0.003267,0.01214,0.01441,0.455,0.005222,0.006332,0.0528,0.1647,0.6045,0.752,0.088
PAT_320_681_724.png,0.1073,0.004562,0.003294,0.001601,0.00058,0.005867,0.00455,0.06046,0.701,0.5454,0.751,0.091
PAT_1264_907_674.png,0.12274,0.001151,0.001917,0.00218,0.000839,0.00346,0.001151,0.05518,0.322,0.492,0.673,0.063
PAT_1882_3718_982.png,0.1312,0.002316,0.001793,0.00179,0.01461,0.003407,0.00231,0.1318,0.203,0.3953,0.726,0.059
PAT_897_1704_988.png,0.3271,0.000413,0.000626,0.0006514,0.0003607,0.001791,0.000413,0.06067,0.531,0.491,0.754,0.092
PAT_72_110_944.png,0.1201,0.011024,0.01736,0.0166,0.01309,0.01446,0.01113,0.0441,0.4143,0.56,0.74,0.067
PAT_898_1706_496.png,0.3691,0.00675,0.00527,0.00388,0.0006466,0.002485,0.00675,0.03014,0.2715,0.855,0.774,0.097
PAT_616_1169_3.png,0.0663,0.001862,0.001602,0.001174,0.0003364,0.002995,0.001862,0.0814,0.3674,0.2355,0.682,0.035
PAT_1582_2574_905.png,0.1881,0.00977,0.004955,0.00501,0.005844,0.00866,0.00977,0.03387,0.2573,0.2976,0.748,0.085
PAT_729_1382_390.png,0.518,0.01223,0.003006,0.00279,0.001079,0.006195,0.01223,0.989,0.4644,0.772,0.841,0.281
PAT_245_376_197.png,0.4563,0.00772,0.00861,0.00833,0.000472,0.003841,0.00772,0.969,0.201,0.7095,0.871,0.298
PAT_53_82_657.png,0.1383,0.004917,0.003487,0.005234,0.007526,0.003098,0.004917,0.98,0.4746,0.4966,0.748,0.075
PAT_611_1158_156.png,0.2167,0.01151,0.005383,0.0026,0.002455,0.002888,0.01151,0.05054,0.5254,0.4126,0.766,0.091
PAT_267_1258_693.png,0.1181,0.001446,0.0002663,0.0002658,0.001132,0.001972,0.001446,0.01472,0.1278,0.641,0.776,0.085
PAT_112_171_863.png,0.1044,0.001532,0.002623,0.00389,0.01088,0.002981,0.0015335,0.9673,0.2607,0.5093,0.766,0.097
PAT_1480_1673_701.png,0.10767,0.003384,0.003868,0.00378,0.001458,0.00346,0.003384,0.06635,0.2861,0.3154,0.707,0.042
PAT_1494_1707_125.png,0.2698,0.01033,0.01241,0.00815,0.00632,0.001533,0.01033,0.0803,0.2261,0.664,0.803,0.177
PAT_1527_1794_662.png,0.1287,0.0007596,0.001461,0.001455,0.000999,0.00425,0.0007596,0.05014,0.523,0.503,0.707,0.044
PAT_1946_3924_627.png,0.2854,0.003572,0.006287,0.00862,0.0002187,0.00695,0.003572,0.06525,0.47,0.7866,0.752,0.065
PAT_2162_4820_913.png,0.087,0.004513,0.005974,0.006195,0.002676,0.01358,0.004513,0.02257,0.6226,0.4822,0.717,0.042
PAT_1404_1393_369.png,0.04666,0.001619,0.003521,0.004066,0.01631,0.00928,0.001619,0.0634,0.0775,0.482,0.711,0.036
PAT_262_402_14.png,0.1823,0.007572,0.006794,0.00968,0.3213,0.004593,0.007248,0.0831,0.138,0.5615,0.75,0.082
PAT_1075_324_177.png,0.1968,0.000561,0.0002309,0.0002251,0.0008154,0.0007696,0.000561,0.08264,0.1362,0.6265,0.84,0.203
PAT_1866_3659_398.png,0.2747,0.0006022,0.002743,0.002333,0.000362,0.003887,0.0006022,0.01576,0.378,0.604,0.827,0.174
PAT_20_29_850.png,0.3948,0.003323,0.002592,0.002111,0.000379,0.002235,0.003323,0.0384,0.463,0.4827,0.862,0.191
PAT_70_107_591.png,0.1509,0.007114,0.00719,0.00816,0.705,0.00203,0.00853,0.06744,0.11456,0.3655,0.754,0.073
PAT_892_1691_881.png,0.1954,0.01027,0.004322,0.001623,0.002127,0.002094,0.01027,0.0414,0.735,0.6333,0.758,0.104
PAT_135_202_695.png,0.0999,0.01257,0.0113,0.01163,0.02222,0.01143,0.0125,0.9624,0.2551,0.5576,0.75,0.087
PAT_147_219_206.png,0.3936,0.0001386,0.00424,0.003498,0.0001715,0.00481,0.0001386,0.01532,0.7637,0.827,0.857,0.227
PAT_1942_3918_497.png,0.1311,0.003376,0.003572,0.002281,0.000664,0.001249,0.003376,0.0488,0.5405,0.5664,0.707,0.06
PAT_505_3200_856.png,0.0744,0.000246,0.001722,0.001839,0.003225,0.001942,0.000246,0.981,0.147,0.668,0.693,0.091
PAT_998_17_641.png,0.1465,0.0005546,0.0006747,0.000429,0.0005913,0.0002635,0.0005546,0.04935,0.507,0.662,0.773,0.077
PAT_205_311_255.png,0.2333,0.000854,0.001459,0.001855,0.002293,0.001959,0.000854,0.02118,0.3179,0.6436,0.802,0.149
PAT_85_129_980.png,0.211,0.01338,0.02682,0.014465,0.00738,0.00871,0.01338,0.08124,0.511,0.9106,0.743,0.105
PAT_837_1584_745.png,0.2124,0.000451,0.001491,0.001045,0.005127,0.001799,0.000451,0.961,0.1954,0.638,0.776,0.099
PAT_2142_4733_13.png,0.2292,0.003378,0.004387,0.004925,0.000504,0.006775,0.003378,0.02962,0.613,0.6323,0.726,0.136
PAT_1071_312_841.png,0.3,0.001892,0.00082,0.000505,0.000575,0.002228,0.001892,0.05707,0.3315,0.527,0.795,0.164
PAT_433_2650_417.png,0.1665,0.00301,0.001796,0.001088,0.0001218,0.001886,0.00301,0.0807,0.5747,0.808,0.777,0.117
PAT_718_1358_919.png,0.11664,0.003738,0.00626,0.005535,0.001399,0.0111,0.003738,0.9834,0.2145,0.6724,0.747,0.097
PAT_1174_628_915.png,0.0912,0.0001925,0.0002782,0.0003195,0.007317,0.000266,0.0001925,0.9404,0.1625,0.545,0.692,0.086
PAT_46_881_14.png,0.1709,0.000982,0.01031,0.01393,0.05853,0.01563,0.001044,0.02016,0.2421,0.659,0.854,0.17
PAT_1306_1086_124.png,0.0762,0.00841,0.004513,0.001923,0.3494,0.02176,0.00799,0.4458,0.10547,0.1849,0.68,0.032
PAT_994_1866_730.png,0.181,0.001658,0.004997,0.00483,0.006325,0.00877,0.001661,0.947,0.1348,0.5356,0.831,0.163
PAT_132_198_114.png,0.8086,0.002079,0.01006,0.002993,0.004974,0.01234,0.002079,0.0365,0.5005,0.861,0.873,0.584
PAT_489_932_138.png,0.1388,0.00698,0.003222,0.001423,0.003439,0.006023,0.00698,0.01434,0.7666,0.2568,0.722,0.047
PAT_1822_3576_145.png,0.7227,0.001331,0.001429,0.002752,0.006992,0.00525,0.001331,0.0824,0.2695,0.608,0.783,0.579
PAT_978_1844_599.png,0.1335,0.00936,0.01183,0.01212,0.01176,0.008965,0.00936,0.05774,0.304,0.4795,0.783,0.09
PAT_1453_1565_529.png,0.079,0.001786,0.002148,0.001926,0.000592,0.004456,0.001786,0.06323,0.4736,0.4844,0.709,0.068
PAT_441_861_542.png,0.1168,0.00324,0.00346,0.003525,0.000685,0.005272,0.00324,0.01834,0.355,0.5034,0.734,0.074
PAT_120_183_623.png,0.0937,0.005665,0.014275,0.01576,0.00847,0.01283,0.005665,0.9785,0.3662,0.697,0.707,0.023
PAT_228_348_2.png,0.1102,0.006153,0.00431,0.004013,0.06866,0.003088,0.004986,0.9297,0.10065,0.6196,0.697,0.041
PAT_711_1334_344.png,0.1147,0.001637,0.001032,0.000656,0.00188,0.001297,0.001637,0.9883,0.3003,0.572,0.723,0.071
PAT_62_97_868.png,0.1357,0.01154,0.0163,0.01756,0.02435,0.00891,0.01164,0.9644,0.1562,0.7227,0.749,0.056
PAT_9_17_80.png,0.4785,0.001236,0.0015,0.001656,0.0007067,0.001007,0.001236,0.015015,0.363,0.643,0.82,0.258
PAT_1190_700_663.png,0.6543,0.002148,0.001702,0.001741,0.363,0.001494,0.002148,0.0371,0.0686,0.6206,0.829,0.432
PAT_59_46_537.png,0.1117,0.003382,0.003983,0.003395,0.001115,0.001442,0.003376,0.08624,0.2169,0.7236,0.821,0.112
PAT_1753_3305_385.png,0.1022,0.002134,0.00459,0.00442,0.0004723,0.004055,0.002134,0.04037,0.1815,0.675,0.685,0.053
PAT_341_715_180.png,0.1741,0.0016365,0.001633,0.002266,0.00034,0.003963,0.0016365,0.08813,0.519,0.585,0.757,0.074
PAT_1331_1173_380.png,0.1047,0.003511,0.003393,0.001884,0.006615,0.003365,0.003511,0.07043,0.4238,0.4224,0.695,0.049
PAT_1418_1448_307.png,0.2303,0.00649,0.003149,0.003016,0.0013075,0.0001762,0.00649,0.05283,0.335,0.633,0.805,0.126
PAT_1721_3219_130.png,0.312,0.002586,0.002151,0.001986,0.0005693,0.00574,0.002588,0.02412,0.3362,0.3853,0.805,0.147
PAT_727_1373_776.png,0.242,0.0015955,0.003551,0.003496,0.0003605,0.00318,0.0015955,0.986,0.296,0.663,0.828,0.192
PAT_615_1168_968.png,0.05774,0.006264,0.001622,0.0008836,0.02878,0.01137,0.00625,0.0844,0.224,0.2251,0.686,0.028
PAT_406_1542_301.png,0.0844,0.001606,0.001166,0.0008464,0.000712,0.001588,0.001606,0.05133,0.5537,0.6216,0.718,0.066
PAT_858_1632_977.png,0.291,0.00345,0.01382,0.01396,0.006413,0.00994,0.00345,0.03687,0.1635,0.67,0.936,0.254
PAT_55_85_884.png,0.0929,0.01544,0.01881,0.02138,0.1044,0.01672,0.01706,0.8887,0.1644,0.4956,0.696,0.033
PAT_2080_4484_997.png,0.2281,0.000787,0.0009427,0.001122,0.0001627,0.001201,0.000787,0.06696,0.3232,0.556,0.772,0.172
PAT_1680_3038_587.png,0.0573,0.015594,0.01564,0.012955,0.011536,0.007767,0.015594,0.1298,0.05103,0.7188,0.692,0.025
PAT_1443_1536_166.png,0.1531,0.004486,0.005905,0.00601,0.002392,0.004417,0.004486,0.05017,0.5015,0.766,0.762,0.122
PAT_165_256_460.png,0.1569,0.0001234,0.0009117,0.0004876,0.00109,0.0004897,0.0001234,0.03537,0.4695,0.7896,0.812,0.146
PAT_1222_767_519.png,0.3076,0.0002775,0.001672,0.002302,0.001312,0.002209,0.0002775,0.06003,0.4504,0.777,0.798,0.117
PAT_513_965_496.png,0.951,0.01637,0.02484,0.02635,0.002693,0.02495,0.01637,0.03079,0.7266,0.6216,0.895,0.898
PAT_385_783_22.png,0.129,9.49e-05,0.001033,0.001366,0.006516,0.001264,9.48e-05,0.02715,0.2479,0.814,0.817,0.111
PAT_867_1650_825.png,0.232,0.000701,0.002045,0.001797,0.002232,0.002163,0.000701,0.9824,0.1783,0.6104,0.78,0.148
PAT_591_1126_21.png,0.1375,0.003557,0.01129,0.01362,0.00913,0.010185,0.003557,0.0514,0.435,0.7817,0.733,0.06
PAT_270_417_728.png,0.3474,0.01779,0.00985,0.003857,0.001568,0.001123,0.01779,0.05093,0.393,0.821,0.888,0.253
PAT_1379_1300_924.png,0.2327,0.0009656,0.002888,0.002188,0.001139,0.001404,0.000965,0.0636,0.4275,0.7666,0.764,0.073
PAT_539_1023_928.png,0.1106,0.001426,0.007046,0.00507,0.2239,0.00214,0.003172,0.1849,0.1506,0.6763,0.725,0.116
PAT_323_686_356.png,0.3687,0.003586,0.007504,0.007168,0.2773,0.001192,0.005093,0.0415,0.10077,0.5405,0.842,0.234
PAT_334_703_907.png,0.0823,0.00465,0.007164,0.007996,0.002369,0.007965,0.00465,0.01678,0.529,0.669,0.696,0.041
PAT_333_702_840.png,0.1876,0.01099,0.00685,0.004204,0.004433,0.00845,0.01098,0.09924,0.2913,0.491,0.791,0.111
PAT_915_1738_667.png,0.3953,0.00379,0.005302,0.005203,0.0006003,0.004322,0.00379,0.01225,0.4258,0.5957,0.856,0.233
PAT_451_878_634.png,0.5195,0.00162,0.001987,0.002304,0.0276,0.002375,0.001628,0.0803,0.11127,0.571,0.89,0.31
PAT_166_257_586.png,0.1727,0.0007043,0.001427,0.0017395,0.003828,0.002134,0.0007043,0.04816,0.3416,0.6045,0.757,0.089
PAT_257_396_494.png,0.1018,0.010254,0.00987,0.010864,0.179,0.0067,0.01014,0.8447,0.2479,0.4282,0.752,0.065
PAT_963_1817_593.png,0.2133,0.001834,0.003065,0.00394,0.005356,0.003498,0.001834,0.94,0.3352,0.6494,0.789,0.107
PAT_50_76_728.png,0.2108,0.01038,0.003803,0.002275,0.0335,0.00529,0.0101,0.02129,0.4487,0.593,0.785,0.098
PAT_1534_1810_719.png,0.08875,0.001533,0.001626,0.002245,0.002272,0.002548,0.001533,0.981,0.305,0.4775,0.68,0.044
PAT_1364_1246_238.png,0.126,0.0002334,0.001216,0.001352,0.0006933,0.001907,0.0002334,0.09094,0.411,0.6787,0.776,0.075
PAT_756_1496_599.png,0.1638,0.006638,0.006958,0.00477,0.00905,0.002327,0.006638,0.02174,0.3335,0.3047,0.719,0.06
PAT_1326_1156_783.png,0.0969,0.003178,0.004864,0.00411,0.06915,0.006603,0.00302,0.8237,0.1959,0.415,0.701,0.042
PAT_1245_844_471.png,0.242,0.0058,0.003527,0.00187,0.001171,0.000919,0.0058,0.0706,0.2451,0.936,0.741,0.066
PAT_375_764_705.png,0.1656,0.0172,0.004967,0.003786,0.005043,0.01075,0.0172,0.00817,0.4207,0.604,0.757,0.11
PAT_1161_578_233.png,0.706,0.001127,0.001864,0.002739,9.173e-05,0.00897,0.001127,0.07416,0.1437,0.489,0.782,0.634
PAT_2159_4792_718.png,0.0762,0.00404,0.004425,0.006824,0.03256,0.000882,0.004044,0.917,0.1057,0.929,0.706,0.05
PAT_63_1075_331.png,0.148,0.004616,0.0196,0.02483,0.00206,0.02068,0.004616,0.04913,0.4485,0.7734,0.725,0.056
PAT_480_921_1.png,0.0992,0.0016365,0.00864,0.007145,0.002848,0.006012,0.0016365,0.0375,0.4575,0.884,0.737,0.05
PAT_1694_3110_213.png,0.0941,0.003044,0.01648,0.00972,0.012314,0.0268,0.003044,0.968,0.684,0.5386,0.687,0.05
PAT_59_93_573.png,0.2179,0.001677,0.001851,0.00204,0.00128,0.001634,0.001677,0.0285,0.4238,0.675,0.829,0.126
PAT_1581_2570_738.png,0.3416,0.0001256,0.0003676,0.000698,0.002136,0.0007453,0.0001256,0.03845,0.2109,0.717,0.855,0.261
PAT_1136_517_92.png,0.3408,0.001247,0.002182,0.002235,0.00229,0.008286,0.001247,0.02155,0.3684,0.546,0.783,0.159
PAT_656_1246_489.png,0.2167,0.00997,0.006187,0.005222,0.4307,0.009346,0.00718,0.58,0.383,0.3787,0.758,0.065
PAT_230_1009_92.png,0.2136,0.006954,0.009575,0.01068,0.001303,0.004963,0.006954,0.988,0.3735,0.6245,0.761,0.117
PAT_1333_1177_434.png,0.0505,0.001172,0.001767,0.001948,0.04126,0.002459,0.001184,0.706,0.05676,0.4543,0.683,0.034
PAT_866_1649_674.png,0.11896,0.000139,0.001292,0.001308,0.002588,0.002737,0.000139,0.02647,0.3435,0.602,0.757,0.099
PAT_471_909_344.png,0.4236,0.0,0.0,0.0,0.0,0.0,0.0,0.0329,0.1616,0.3125,0.818,0.114
PAT_864_1645_626.png,0.406,0.002668,0.003553,0.003246,0.001254,0.003757,0.002668,0.9897,0.2844,0.522,0.858,0.272
PAT_1575_2516_618.png,0.4941,0.0002565,0.0004592,0.0004556,0.00237,0.000443,0.0002565,0.979,0.229,0.6597,0.939,0.435
PAT_2088_4525_507.png,0.1052,0.00949,0.006447,0.001452,0.003468,0.001411,0.00949,0.0834,0.524,0.613,0.662,0.079
PAT_665_1261_17.png,0.2421,0.003164,0.002481,0.001636,0.001777,0.0007577,0.003164,0.013435,0.4407,0.4153,0.73,0.05
PAT_417_828_723.png,0.1725,0.001575,0.002705,0.003,0.0889,0.001849,0.001766,0.05618,0.1918,0.4556,0.743,0.064
PAT_1332_1174_839.png,0.2164,0.001494,0.001145,0.001635,0.001421,0.00319,0.001494,0.09204,0.3176,0.4277,0.872,0.202
PAT_14_22_850.png,0.1956,0.00929,0.001833,0.001093,0.000591,0.004963,0.00929,0.02338,0.736,0.4995,0.729,0.12
PAT_272_420_10.png,0.1359,0.0004663,0.002235,0.000809,0.003197,0.001266,0.0004642,0.05917,0.3584,0.713,0.782,0.101
PAT_1223_770_120.png,0.04996,0.001378,0.002605,0.002611,0.0006995,0.003424,0.001378,0.05267,0.566,0.589,0.701,0.039
PAT_100_393_898.png,0.2386,0.00726,0.00901,0.00808,0.002455,0.006092,0.00726,0.05164,0.2437,0.721,0.762,0.085
PAT_439_859_84.png,0.2213,0.0004864,0.001699,0.000346,0.000982,0.00012195,0.0004857,0.0684,0.4849,0.755,0.872,0.157
PAT_58_91_845.png,0.1073,0.003508,0.006084,0.006702,0.002092,0.006115,0.003508,0.9624,0.2703,0.6226,0.714,0.05
PAT_201_306_781.png,0.1614,0.01236,0.01146,0.01366,0.001452,0.0159,0.01236,0.01628,0.4253,0.579,0.744,0.061
PAT_1401_1374_593.png,0.1934,0.007652,0.009796,0.00862,0.005226,0.01138,0.007652,0.04343,0.2585,0.601,0.72,0.034
PAT_364_748_278.png,0.1935,0.004223,0.002626,0.002018,0.001555,0.00389,0.004223,0.005253,0.5063,0.4375,0.751,0.083
PAT_251_382_576.png,0.2394,0.0001948,0.0007544,0.0003324,0.001473,0.000293,0.0001948,0.01653,0.2927,0.784,0.814,0.123
PAT_1928_3876_437.png,0.1931,0.006664,0.006138,0.006836,0.002901,0.001507,0.006657,0.04263,0.1901,0.564,0.756,0.056
PAT_1310_1097_774.png,0.169,0.003223,0.001931,0.002253,0.162,0.026,0.003174,0.7407,0.04996,0.279,0.736,0.091
PAT_46_879_386.png,0.3442,0.0006356,0.001955,0.002262,0.001386,0.002954,0.0006356,0.0166,0.3784,0.5747,0.85,0.261
PAT_1411_1415_723.png,0.1841,0.00248,0.002666,0.002115,0.001889,0.002892,0.00248,0.05383,0.3682,0.3035,0.719,0.04
PAT_641_3704_317.png,0.1108,0.00569,0.006897,0.00594,0.001496,0.00753,0.00569,0.03305,0.545,0.361,0.69,0.042
PAT_242_369_930.png,0.1118,0.00224,0.005875,0.005943,0.000982,0.00407,0.00224,0.00858,0.4695,0.847,0.792,0.096
PAT_1495_1708_278.png,0.1489,0.0014715,0.002636,0.002653,0.01252,0.0015135,0.001565,0.1089,0.198,0.5703,0.733,0.042
PAT_1671_3008_622.png,0.3218,0.0089,0.013405,0.01628,0.01637,0.00659,0.008965,0.0893,0.1136,0.3398,0.858,0.214
PAT_662_1251_380.png,0.183,0.007675,0.001342,0.002872,0.002352,0.001909,0.007675,0.04523,0.3782,0.898,0.815,0.157
PAT_1241_824_82.png,0.0801,0.00054,0.0007343,0.0009737,0.0003097,0.0008,0.00054,0.05746,0.416,0.7847,0.706,0.047
PAT_1946_3924_929.png,0.256,0.005882,0.00997,0.00906,0.001107,0.00514,0.005882,0.06152,0.3184,0.763,0.807,0.167
PAT_822_1551_573.png,0.08875,0.00616,0.00216,0.002209,0.000649,0.006714,0.00616,0.9917,0.741,0.3257,0.7,0.073
PAT_691_1312_389.png,0.1482,0.01033,0.00944,0.008606,0.0731,0.00836,0.0105,0.0651,0.266,0.526,0.743,0.07
PAT_1414_1426_124.png,0.3271,0.00442,0.003014,0.00215,0.0004768,0.002142,0.004417,0.05585,0.537,0.3652,0.797,0.115
PAT_1107_427_352.png,0.0989,0.001141,0.002247,0.001727,0.003765,0.002691,0.001141,0.05133,0.3972,0.3987,0.731,0.046
PAT_2152_4781_332.png,0.11224,0.001659,0.001427,0.001126,0.0008984,0.001721,0.001659,0.07983,0.2922,0.4119,0.706,0.09
PAT_833_1571_134.png,0.1656,0.002066,0.000992,0.001194,6.735e-05,0.002617,0.002066,0.03503,0.667,0.6343,0.801,0.165
PAT_233_354_828.png,0.1677,0.003181,0.004284,0.003742,0.006824,0.002165,0.003181,0.05814,0.21,0.6064,0.764,0.131
PAT_167_258_479.png,0.2878,0.001256,0.001436,0.001147,0.000248,0.003485,0.001256,0.01677,0.805,0.555,0.755,0.119
PAT_1755_3309_828.png,0.2473,0.0003817,0.001033,0.000949,0.0003948,0.0009484,0.0003817,0.03296,0.32,0.5356,0.811,0.166
PAT_710_1330_243.png,0.0599,0.00284,0.001647,0.0007405,0.01868,0.004692,0.002783,0.09,0.4233,0.4922,0.707,0.051
PAT_145_216_110.png,0.338,0.01051,0.013725,0.0134,0.12134,0.05203,0.01189,0.9844,0.8853,0.1428,0.847,0.231
PAT_894_1679_640.png,0.0646,0.01459,0.00806,0.00988,0.5527,0.00689,0.01413,0.9478,0.1716,0.3997,0.741,0.074
PAT_69_1053_332.png,0.2524,0.001504,0.01014,0.006718,0.1766,0.004387,0.003563,0.9365,0.3096,0.5664,0.81,0.108
PAT_213_328_117.png,0.1293,0.0055,0.003002,0.001512,0.0002563,0.0021,0.0055,0.0802,0.3442,0.409,0.748,0.1
PAT_91_140_664.png,0.1993,0.001987,0.003498,0.004288,0.00198,0.006416,0.001987,0.0692,0.4744,0.638,0.816,0.134
PAT_484_926_624.png,0.4844,0.001143,0.0010605,0.00077,0.004135,0.0004888,0.001143,0.0485,0.3257,0.426,0.847,0.188
PAT_404_805_575.png,0.1077,0.0002016,0.002045,0.0016775,0.0318,0.002665,0.0002166,0.02454,0.1288,0.5815,0.751,0.123
PAT_890_1693_904.png,0.1731,0.004917,0.001712,0.00408,0.05212,0.001986,0.004654,0.7188,0.431,0.2627,0.745,0.055
PAT_756_1495_858.png,0.0747,0.012924,0.006668,0.00577,0.00848,0.002897,0.012924,0.0733,0.3264,0.5293,0.686,0.055
PAT_1202_722_827.png,0.12213,0.002104,0.001119,0.0005145,0.0001664,0.0012045,0.002104,0.06744,0.536,0.6113,0.746,0.089
PAT_2013_4148_303.png,0.293,0.0002166,0.000371,0.0002506,0.0005965,0.0004027,0.0002166,0.0503,0.4204,0.4084,0.716,0.086
PAT_307_1685_651.png,0.225,0.000717,0.00131,0.001259,0.0001289,0.000532,0.000717,0.03647,0.3232,0.805,0.786,0.14
PAT_561_1068_557.png,0.1926,0.006664,0.00863,0.01152,0.01262,0.00889,0.006638,0.9453,0.1523,0.7085,0.856,0.152
PAT_1520_1777_935.png,0.253,0.001437,0.0003874,0.0004268,0.00322,0.002218,0.001402,0.01489,0.3767,0.3308,0.756,0.041
PAT_81_123_52.png,0.0916,0.00838,0.0181,0.01439,0.0084,0.01038,0.008385,0.0882,0.511,0.6865,0.721,0.062
PAT_2077_4463_77.png,0.1443,0.0002918,0.0004478,0.0008144,0.002083,0.0001999,0.0002918,0.987,0.2249,0.7246,0.74,0.145
PAT_890_1693_454.png,0.1721,0.006023,0.002348,0.001543,0.5176,0.002697,0.004616,0.5737,0.1287,0.2605,0.703,0.059
PAT_1787_3421_516.png,0.3208,0.0007243,0.0002223,4.81e-05,0.10974,0.0001314,0.0004497,0.7393,0.07526,0.534,0.782,0.114
PAT_522_3168_747.png,0.0651,0.00081,0.00237,0.003323,0.0012455,0.003494,0.00081,0.05737,0.2001,0.6406,0.691,0.043
PAT_1148_542_708.png,0.2048,0.02357,0.01614,0.01323,0.007866,0.005177,0.02357,0.06885,0.2966,0.7505,0.709,0.161
PAT_75_113_647.png,0.1272,0.000904,0.003433,0.003246,0.00618,0.003323,0.000904,0.01936,0.2942,0.7236,0.727,0.057
PAT_78_118_685.png,0.03705,0.002972,0.004066,0.004375,0.03506,0.00308,0.002844,0.888,0.1741,0.625,0.693,0.025
PAT_1633_2855_460.png,0.2367,0.0007844,0.00225,0.00292,0.0006742,0.001869,0.0007844,0.0464,0.366,0.7056,0.869,0.199
PAT_202_308_692.png,0.2876,0.000608,0.003696,0.002916,0.001709,0.007717,0.000608,0.9785,0.2406,0.593,0.848,0.229
PAT_767_1501_691.png,0.768,0.00415,0.00567,0.00509,0.01938,0.01439,0.00415,0.0865,0.1888,0.4602,0.764,0.59
PAT_139_207_342.png,0.1941,0.006435,0.01076,0.010574,0.05478,0.013794,0.00692,0.03912,0.165,0.505,0.84,0.14
PAT_842_1606_971.png,0.2095,0.0003045,0.00343,0.003199,0.161,0.000962,0.002111,0.8936,0.2223,0.5093,0.835,0.121
PAT_775_1463_616.png,0.132,0.00944,0.0121,0.01328,0.004395,0.002472,0.00944,0.9785,0.2242,0.8394,0.745,0.097
PAT_1734_3240_299.png,0.2852,0.000507,0.001064,0.002098,0.0002228,0.001957,0.000507,0.08075,0.4946,0.913,0.844,0.173
PAT_21_31_965.png,0.1753,0.010826,0.0089,0.008,0.0001456,0.004196,0.01083,0.04346,0.4573,0.772,0.758,0.097
PAT_149_221_679.png,0.4963,0.001054,0.001733,0.000845,0.00599,0.007202,0.001054,0.015205,0.1653,0.5063,0.879,0.519
PAT_1577_3527_831.png,0.15,0.0004263,0.000554,0.0001534,0.0002229,0.000173,0.0004265,0.04913,0.6104,0.502,0.871,0.206
PAT_2140_4726_85.png,0.1261,0.000691,0.00483,0.005463,0.001232,0.00435,0.000691,0.00966,0.4275,0.8506,0.573,0.195
PAT_1455_1585_690.png,0.1065,0.0004058,0.0003362,0.0005956,0.002388,0.0008545,0.0004058,0.979,0.2666,0.4575,0.765,0.093
PAT_409_2614_24.png,0.09705,0.000786,0.003363,0.003428,0.004917,0.002968,0.000786,0.01656,0.2837,0.7607,0.714,0.081
PAT_1304_1081_84.png,0.07245,0.0004494,0.0004587,0.000433,0.00065,0.0004008,0.0004494,0.07574,0.3945,0.5557,0.751,0.081
PAT_106_158_270.png,0.425,0.00872,0.01317,0.01191,0.007732,0.005436,0.00872,0.0523,0.3022,0.64,0.904,0.25
PAT_486_929_317.png,0.3806,0.00452,0.0014925,0.000829,0.2085,0.001001,0.002476,0.06976,0.04428,0.6353,0.843,0.182
PAT_849_1613_824.png,0.3518,0.0002375,0.001128,0.001417,0.001258,0.002127,0.0002375,0.1068,0.6074,0.701,0.836,0.176
PAT_104_1756_151.png,0.165,0.0004017,0.001082,0.001588,0.012566,0.000574,0.0004103,0.9507,0.1285,0.6714,0.804,0.136
PAT_730_1385_585.png,0.206,0.0006375,0.002281,0.002134,0.002413,0.002,0.0006375,0.02258,0.1935,0.646,0.808,0.156
PAT_838_1586_622.png,0.2842,0.00223,0.002012,0.003098,0.001255,0.000919,0.00223,0.01327,0.4111,0.871,0.868,0.182
PAT_320_681_410.png,0.086,0.01382,0.005672,0.00244,0.0411,0.01938,0.01358,0.07227,0.4565,0.464,0.739,0.079
PAT_1696_3115_917.png,0.1824,0.00921,0.006012,0.002802,0.0004323,0.001031,0.00921,0.0651,0.517,0.8374,0.865,0.163
PAT_619_1175_767.png,0.1342,0.00010824,0.0005426,0.000443,0.00011414,0.0006924,0.0001086,0.9756,0.2032,0.6855,0.844,0.123
PAT_693_1313_304.png,0.5483,0.001217,0.002268,0.00141,0.0004158,0.001655,0.001217,0.065,0.5186,0.837,0.863,0.267
PAT_650_3858_329.png,0.10095,0.000953,0.002636,0.002104,0.00987,0.003326,0.000955,0.12024,0.1532,0.469,0.729,0.032
PAT_100_393_595.png,0.2566,0.000604,0.0007744,0.0005302,0.007236,0.000585,0.000604,0.01822,0.187,0.2969,0.75,0.057
PAT_1304_1079_859.png,0.288,0.00239,0.001986,0.001475,0.001521,0.002337,0.00239,0.05017,0.1802,0.336,0.793,0.1
PAT_695_1314_822.png,0.2832,0.003023,0.003006,0.002838,0.001609,0.003448,0.003023,0.977,0.2798,0.5894,0.82,0.187
PAT_281_1518_571.png,0.1135,0.003769,0.010086,0.01084,0.00424,0.01228,0.003769,0.976,0.2208,0.6284,0.72,0.032
PAT_503_950_368.png,0.1515,0.010506,0.004517,0.003696,0.04147,0.00591,0.01008,0.01938,0.3347,0.592,0.804,0.14
PAT_1967_3976_736.png,0.35,0.001271,0.0033,0.00485,0.01048,0.003918,0.001271,0.0563,0.1464,0.7505,0.778,0.219
PAT_30_41_815.png,0.2595,0.0007634,0.000992,0.000882,0.001622,0.00105,0.0007634,0.04147,0.4314,0.6094,0.866,0.199
PAT_1706_3144_891.png,0.164,0.001952,0.00515,0.005386,0.07294,0.002254,0.002163,0.93,0.1209,0.775,0.713,0.071
PAT_627_1188_503.png,0.141,0.00514,0.004894,0.002493,0.001861,0.002962,0.00514,0.0514,0.6523,0.334,0.722,0.041
PAT_886_1684_103.png,0.1707,0.008995,0.01277,0.005905,0.001907,0.002481,0.008995,0.0782,0.6147,0.841,0.758,0.088
PAT_135_202_593.png,0.12445,0.01003,0.02417,0.02315,0.00896,0.02095,0.00988,0.02719,0.2388,0.826,0.838,0.155
PAT_215_330_224.png,0.1307,0.02597,0.01595,0.01215,0.005615,0.01811,0.02597,0.02512,0.673,0.626,0.738,0.043
PAT_715_1339_508.png,0.0732,0.000731,0.004055,0.002325,0.002865,0.003153,0.000731,0.0497,0.527,0.7617,0.694,0.036
PAT_90_138_605.png,0.1124,0.0081,0.01103,0.00755,0.00488,0.02542,0.0081,0.01826,0.7637,0.5615,0.733,0.067
PAT_482_2928_201.png,0.1519,0.00672,0.006912,0.00311,0.004646,0.001984,0.00672,0.0792,0.349,0.6533,0.76,0.086
PAT_279_430_356.png,0.1465,0.00108,0.002327,0.00489,0.000512,0.00457,0.00108,0.0373,0.5244,0.7544,0.77,0.108
PAT_1392_1352_828.png,0.0794,0.006565,0.007168,0.00647,0.002893,0.00929,0.006565,0.05594,0.3464,0.7607,0.736,0.068
PAT_45_66_822.png,0.4746,0.006756,0.004738,0.0032,0.0002816,0.002447,0.006756,0.07904,0.3552,0.6787,0.875,0.487
PAT_738_1552_502.png,0.2095,2.635e-05,0.0003672,0.0009084,6e-08,0.001641,2.635e-05,0.07465,0.583,0.685,0.819,0.118
PAT_1401_1373_881.png,0.252,0.002745,0.003801,0.003687,0.0013,0.003529,0.002745,0.05524,0.169,0.6675,0.764,0.124
PAT_190_291_366.png,0.2294,0.0007944,0.00326,0.003149,0.000285,0.007565,0.0007944,0.0189,0.34,0.5674,0.832,0.156
PAT_1713_3179_888.png,0.1234,0.001078,0.0006537,0.000495,0.000355,0.001698,0.001078,0.03772,0.3713,0.4634,0.761,0.101
PAT_747_1409_466.png,0.1311,0.01236,0.01393,0.01027,0.008095,0.001759,0.01236,0.06244,0.2378,0.6133,0.758,0.134
PAT_414_822_420.png,0.2448,0.012375,0.011894,0.01174,0.004204,0.01136,0.012375,0.07587,0.5264,0.6455,0.807,0.146
PAT_386_785_536.png,0.1929,0.002205,0.001991,0.001013,0.007805,0.00826,0.0022,0.10095,0.264,0.6284,0.776,0.167
PAT_46_880_140.png,0.1704,0.0003603,0.001384,0.001255,0.006092,0.00247,0.0003576,0.956,0.3787,0.617,0.741,0.059
PAT_1343_1217_404.png,0.3442,0.000746,0.0007052,0.000309,0.0001295,5.92e-05,0.000746,0.058,0.4595,0.584,0.841,0.196
